scenario,base_scenario,replicate,seed,burn_in_deaths,analyzed_target_deaths,total_deaths_simulated,n_observed_deaths_analyzed,stopped_by_target,burn_in_time,raw_final_time,total_time_for_analyzed_1000_deaths_after_burnin,observed_death_rate_after_burnin,mean_inter_death_time_after_burnin,median_inter_death_time_after_burnin,accepted_activations_total,activation_candidates,death_candidates,activation_rejected,death_rejected,active_center_expirations,erk_zone_expirations,all_proposals,spatial_expected_cv_if_uniform_plot_bins,spatial_cv_ratio_to_uniform_plot_bins,spatial_bins_per_axis_for_plot,spatial_expected_count_per_plot_bin_if_uniform,spatial_coefficient_of_variation_plot_bins,spatial_empty_bins_plot_bins,spatial_bins_per_axis_for_chi2_test,spatial_expected_count_per_chi2_bin_if_uniform,spatial_chi2_statistic_against_uniform_counts_chi2_bins,spatial_chi2_df_chi2_bins,spatial_chi2_per_df_chi2_bins,spatial_chi2_p_value_chi2_bins,t_zone_area,outside_t_zone_area,t_zone_observed_deaths,outside_t_zone_observed_deaths,t_zone_observed_fraction,t_zone_area_fraction,t_zone_death_density,outside_t_zone_death_density,t_zone_density_ratio,lambda_a_1,lambda_a_T,lambda_a_c,lambda_a_T_over_lambda_a_c,lambda_d,beta_a_R,beta_a_T,beta_d_R,beta_d_T
baseline__rep01,baseline,1,1001,500,1000,1500,1000,True,13.074848988917418,37.42176348392679,24.346914495009372,41.072966359042326,0.02434691449500937,0.01722512777540608,17337,18863,3777,1526,2277,16953,1446,41039,0.6316644678941503,0.9820443103897717,20,2.5,0.620322496770833,32,10,10.0,106.8,99,1.0787878787878789,0.27843527855719735,44.44444444444445,55.55555555555555,475,525,0.475,0.4444444444444445,10.687499999999998,9.450000000000001,1.1309523809523807,5.0,0.5,0.05,10.0,1.0,2.5,1.2,2.0,0.8
baseline__rep02,baseline,2,1002,500,1000,1500,1000,True,13.8171603889631,36.60599522140232,22.788834832439218,43.881137730505216,0.02278883483243922,0.015917871436110786,16172,18299,3695,2127,2195,15780,1434,39208,0.6316644678941503,0.9982440723942092,20,2.5,0.6305553108173778,30,10,10.0,109.59999999999997,99,1.1070707070707066,0.21917593232812993,44.44444444444445,55.55555555555555,427,573,0.427,0.4444444444444445,9.607499999999998,10.314000000000002,0.9315008726003488,5.0,0.5,0.05,10.0,1.0,2.5,1.2,2.0,0.8
baseline__rep03,baseline,3,1003,500,1000,1500,1000,True,14.773167344323966,40.28485194340805,25.511684599084084,39.197725109689614,0.025511684599084084,0.017407549296837743,17587,19877,4012,2290,2512,17224,1453,42566,0.6316644678941503,0.9861192005504382,20,2.5,0.6228964600958975,27,10,10.0,112.19999999999999,99,1.1333333333333333,0.17200895024854496,44.44444444444445,55.55555555555555,436,564,0.436,0.4444444444444445,9.809999999999999,10.152000000000001,0.9663120567375885,5.0,0.5,0.05,10.0,1.0,2.5,1.2,2.0,0.8
baseline__rep04,baseline,4,1004,500,1000,1500,1000,True,13.529788787582566,36.98093097588619,23.45114218830362,42.64184626788691,0.02345114218830362,0.015090615692686882,16510,18496,3808,1986,2308,16108,1437,39849,0.6316644678941503,1.0122062060216643,20,2.5,0.6393746945258313,39,10,10.0,108.79999999999998,99,1.0989898989898987,0.23522739189279826,44.44444444444445,55.55555555555555,416,584,0.416,0.4444444444444445,9.36,10.512,0.8904109589041095,5.0,0.5,0.05,10.0,1.0,2.5,1.2,2.0,0.8
baseline__rep05,baseline,5,1005,500,1000,1500,1000,True,13.977213691502941,38.63757229041357,24.660358598910634,40.55091072536856,0.024660358598910633,0.017181617781323766,17220,19248,3913,2028,2413,16785,1453,41399,0.6316644678941503,0.9445795765530306,20,2.5,0.5966573556070519,24,10,10.0,109.4,99,1.105050505050505,0.2231214826169492,44.44444444444445,55.55555555555555,433,567,0.433,0.4444444444444445,9.742499999999998,10.206000000000001,0.9545855379188709,5.0,0.5,0.05,10.0,1.0,2.5,1.2,2.0,0.8
higher_death_rate__rep01,higher_death_rate,1,1001,500,1000,1500,1000,True,10.8101810503096,29.56601307292146,18.755832022611862,53.31674962723109,0.018755832022611864,0.013008681976030445,13469,14886,4471,1417,2971,13046,1420,33823,0.6316644678941503,0.9530323586802966,20,2.5,0.6019966777316965,26,10,10.0,104.4,99,1.0545454545454547,0.33571465794111827,44.44444444444445,55.55555555555555,456,544,0.456,0.4444444444444445,10.259999999999998,9.792000000000002,1.0477941176470584,5.0,0.5,0.05,10.0,1.5,2.5,1.2,2.0,0.8
higher_death_rate__rep02,higher_death_rate,2,1002,500,1000,1500,1000,True,11.108813782468474,31.086085084899086,19.977271302430612,50.056886391603,0.019977271302430613,0.012941448189648597,13627,15563,4596,1936,3096,13275,1440,34874,0.6316644678941503,0.9655727973942043,20,2.5,0.6099180272790763,31,10,10.0,103.0,99,1.0404040404040404,0.3715426235104177,44.44444444444445,55.55555555555555,428,572,0.428,0.4444444444444445,9.629999999999999,10.296000000000001,0.9353146853146851,5.0,0.5,0.05,10.0,1.5,2.5,1.2,2.0,0.8
higher_death_rate__rep03,higher_death_rate,3,1003,500,1000,1500,1000,True,12.264710108618967,34.17807766064702,21.913367552028053,45.63424574638011,0.02191336755202805,0.014701244586984075,15152,17102,5061,1950,3561,14753,1451,38367,0.6316644678941503,0.9381900134051379,20,2.5,0.5926212956011622,36,10,10.0,79.6,99,0.804040404040404,0.923996026056136,44.44444444444445,55.55555555555555,427,573,0.427,0.4444444444444445,9.607499999999998,10.314000000000002,0.9315008726003488,5.0,0.5,0.05,10.0,1.5,2.5,1.2,2.0,0.8
higher_death_rate__rep04,higher_death_rate,4,1004,500,1000,1500,1000,True,12.396716355450435,34.06612501764816,21.669408662197725,46.14800595571856,0.021669408662197725,0.015362476821055182,14903,16917,5276,2014,3776,14488,1422,38103,0.6316644678941503,1.0052493799000692,20,2.5,0.6349803146555018,25,10,10.0,123.20000000000002,99,1.2444444444444447,0.05016009701936931,44.44444444444445,55.55555555555555,472,528,0.472,0.4444444444444445,10.62,9.504000000000001,1.1174242424242422,5.0,0.5,0.05,10.0,1.5,2.5,1.2,2.0,0.8
higher_death_rate__rep05,higher_death_rate,5,1005,500,1000,1500,1000,True,11.316811021675258,30.893754358561065,19.576943336885805,51.08049723553395,0.019576943336885803,0.013503850466559442,13784,15391,4703,1607,3203,13405,1439,34938,0.6316644678941503,1.0240222428661947,20,2.5,0.6468384651518492,26,10,10.0,128.8,99,1.3010101010101012,0.02370843087603301,44.44444444444445,55.55555555555555,436,564,0.436,0.4444444444444445,9.809999999999999,10.152000000000001,0.9663120567375885,5.0,0.5,0.05,10.0,1.5,2.5,1.2,2.0,0.8
larger_ERK_radius__rep01,larger_ERK_radius,1,1001,500,1000,1500,1000,True,27.665628081428533,84.56002415924867,56.89439607782013,17.576423495772772,0.05689439607782013,0.0343381258074924,39657,42839,8477,3182,6977,39234,1477,92027,0.6316644678941503,1.0811671035341441,20,2.5,0.6829348431585549,38,10,10.0,143.20000000000002,99,1.4464646464646467,0.0024544424430553444,44.44444444444445,55.55555555555555,422,578,0.422,0.4444444444444445,9.495,10.404000000000002,0.912629757785467,5.0,0.5,0.05,10.0,1.0,2.5,1.2,1.0,0.8
larger_ERK_radius__rep02,larger_ERK_radius,2,1002,500,1000,1500,1000,True,27.9420526809596,80.60853384894422,52.66648116798462,18.98740864821417,0.05266648116798462,0.032736493540390654,37951,40574,8060,2623,6560,37551,1478,87663,0.6316644678941503,1.0558347254274913,20,2.5,0.6669332800213226,37,10,10.0,153.6,99,1.5515151515151515,0.00036295735825800834,44.44444444444445,55.55555555555555,402,598,0.402,0.4444444444444445,9.044999999999998,10.764000000000001,0.8403010033444813,5.0,0.5,0.05,10.0,1.0,2.5,1.2,1.0,0.8
larger_ERK_radius__rep03,larger_ERK_radius,3,1003,500,1000,1500,1000,True,31.479807765877677,83.99860693919145,52.51879917331377,19.040800927301614,0.052518799173313764,0.032041129615851816,38734,41840,8425,3106,6925,38371,1482,90118,0.6316644678941503,1.0894803433501523,20,2.5,0.6881860213634101,47,10,10.0,135.60000000000002,99,1.3696969696969699,0.008613692493817472,44.44444444444445,55.55555555555555,412,588,0.412,0.4444444444444445,9.27,10.584000000000001,0.8758503401360542,5.0,0.5,0.05,10.0,1.0,2.5,1.2,1.0,0.8
larger_ERK_radius__rep04,larger_ERK_radius,4,1004,500,1000,1500,1000,True,29.25104589493661,79.56700721548556,50.31596132054895,19.874409109055456,0.05031596132054895,0.033561676591311596,36400,39706,7987,3306,6487,36003,1476,85172,0.6316644678941503,1.051076545624487,20,2.5,0.6639277069079133,39,10,10.0,151.0,99,1.5252525252525253,0.0005969901705652143,44.44444444444445,55.55555555555555,427,573,0.427,0.4444444444444445,9.607499999999998,10.314000000000002,0.9315008726003488,5.0,0.5,0.05,10.0,1.0,2.5,1.2,1.0,0.8
larger_ERK_radius__rep05,larger_ERK_radius,5,1005,500,1000,1500,1000,True,23.13342705450212,88.23703649715962,65.1036094426575,15.360131466762812,0.0651036094426575,0.035630205176577334,41328,44046,8893,2718,7393,40930,1483,95352,0.6316644678941503,1.0462967275611939,20,2.5,0.6609084656743323,40,10,10.0,161.99999999999997,99,1.636363636363636,6.685744923868878e-05,44.44444444444445,55.55555555555555,421,579,0.421,0.4444444444444445,9.472499999999998,10.422,0.9088946459412779,5.0,0.5,0.05,10.0,1.0,2.5,1.2,1.0,0.8
shorter_ERK_duration__rep01,shorter_ERK_duration,1,1001,500,1000,1500,1000,True,10.31404468614743,27.21393045663991,16.89988577049248,59.17199758509722,0.016899885770492482,0.011365780651816593,12274,13695,2712,1421,1212,11917,1477,29801,0.6316644678941503,0.9154754164341269,20,2.5,0.5782732917920385,23,10,10.0,84.8,99,0.8565656565656565,0.8446836841289886,44.44444444444445,55.55555555555555,437,563,0.437,0.4444444444444445,9.8325,10.134,0.9702486678507992,5.0,0.5,0.05,10.0,1.0,2.5,1.2,2.0,2.0
shorter_ERK_duration__rep02,shorter_ERK_duration,2,1002,500,1000,1500,1000,True,10.279814490903737,26.367468770649953,16.087654279746218,62.15946604838247,0.01608765427974622,0.011447719555445879,11343,13179,2665,1836,1165,10954,1446,28244,0.6316644678941503,0.9666104901142949,20,2.5,0.6105735008989499,34,10,10.0,87.80000000000003,99,0.8868686868686871,0.7823791332006029,44.44444444444445,55.55555555555555,430,570,0.43,0.4444444444444445,9.674999999999999,10.260000000000002,0.9429824561403506,5.0,0.5,0.05,10.0,1.0,2.5,1.2,2.0,2.0
shorter_ERK_duration__rep03,shorter_ERK_duration,3,1003,500,1000,1500,1000,True,10.486407743178646,27.840692628222012,17.354284885043366,57.62265668819583,0.017354284885043366,0.011805962393962588,12279,13881,2719,1602,1219,11892,1475,29967,0.6316644678941503,0.9810229431759452,20,2.5,0.6196773353931867,31,10,10.0,83.6,99,0.8444444444444444,0.8662665212836791,44.44444444444445,55.55555555555555,465,535,0.465,0.4444444444444445,10.462499999999999,9.63,1.086448598130841,5.0,0.5,0.05,10.0,1.0,2.5,1.2,2.0,2.0
shorter_ERK_duration__rep04,shorter_ERK_duration,4,1004,500,1000,1500,1000,True,9.962177333580856,26.48219549746783,16.520018163886974,60.53262109517628,0.016520018163886974,0.011187539523031198,11444,13089,2720,1645,1220,11073,1480,28362,0.6316644678941503,0.9697169056961842,20,2.5,0.6125357132445421,39,10,10.0,88.60000000000001,99,0.894949494949495,0.7638863364492359,44.44444444444445,55.55555555555555,428,572,0.428,0.4444444444444445,9.629999999999999,10.296000000000001,0.9353146853146851,5.0,0.5,0.05,10.0,1.0,2.5,1.2,2.0,2.0
shorter_ERK_duration__rep05,shorter_ERK_duration,5,1005,500,1000,1500,1000,True,10.723227820159217,27.26629996088375,16.543072140724533,60.448264475512545,0.01654307214072453,0.011846055381308673,11939,13601,2813,1662,1313,11575,1464,29453,0.6316644678941503,0.9666104901142949,20,2.5,0.6105735008989499,30,10,10.0,83.19999999999999,99,0.8404040404040403,0.8730218871062732,44.44444444444445,55.55555555555555,445,555,0.445,0.4444444444444445,10.0125,9.99,1.0022522522522521,5.0,0.5,0.05,10.0,1.0,2.5,1.2,2.0,2.0
stronger_T_zone_activation__rep01,stronger_T_zone_activation,1,1001,500,1000,1500,1000,True,12.168323978464594,34.94283873194775,22.77451475348316,43.908729157316465,0.02277451475348316,0.01571528618346818,16335,17633,3638,1298,2138,15930,1443,38644,0.6316644678941503,0.9840838646332836,20,2.5,0.6216108107168021,33,10,10.0,107.40000000000002,99,1.084848484848485,0.26502078505244026,44.44444444444445,55.55555555555555,421,579,0.421,0.4444444444444445,9.472499999999998,10.422,0.9088946459412779,5.0,1.0,0.05,20.0,1.0,2.5,1.2,2.0,0.8
stronger_T_zone_activation__rep02,stronger_T_zone_activation,2,1002,500,1000,1500,1000,True,13.978330498954493,40.45764561429344,26.47931511533895,37.76532722406856,0.02647931511533895,0.018757102346468102,18579,20203,4153,1624,2653,18154,1451,43961,0.6316644678941503,1.031824429898487,20,2.5,0.6517668294720129,40,10,10.0,102.2,99,1.0323232323232323,0.3927019379356613,44.44444444444445,55.55555555555555,369,631,0.369,0.4444444444444445,8.302499999999998,11.358,0.7309825673534072,5.0,1.0,0.05,20.0,1.0,2.5,1.2,2.0,0.8
stronger_T_zone_activation__rep03,stronger_T_zone_activation,3,1003,500,1000,1500,1000,True,14.96872719680791,42.12652278628969,27.15779558948178,36.821839854605145,0.027157795589481778,0.018892842175880276,19457,21088,4243,1631,2743,19048,1455,45834,0.6316644678941503,0.9634940591436008,20,2.5,0.6086049621881175,33,10,10.0,107.19999999999999,99,1.0828282828282827,0.26945005792548615,44.44444444444445,55.55555555555555,442,558,0.442,0.4444444444444445,9.944999999999999,10.044,0.9901433691756271,5.0,1.0,0.05,20.0,1.0,2.5,1.2,2.0,0.8
stronger_T_zone_activation__rep04,stronger_T_zone_activation,4,1004,500,1000,1500,1000,True,13.685582151489395,37.79700285274891,24.111420701259515,41.47412184416668,0.024111420701259514,0.01595633161848653,17156,18837,3869,1681,2369,16772,1447,40925,0.6316644678941503,0.9676470700262186,20,2.5,0.611228271597445,31,10,10.0,91.39999999999999,99,0.9232323232323232,0.6938779709307944,44.44444444444445,55.55555555555555,430,570,0.43,0.4444444444444445,9.674999999999999,10.260000000000002,0.9429824561403506,5.0,1.0,0.05,20.0,1.0,2.5,1.2,2.0,0.8
stronger_T_zone_activation__rep05,stronger_T_zone_activation,5,1005,500,1000,1500,1000,True,12.496997272710129,36.18470555081714,23.687708278107014,42.21598764470745,0.023687708278107015,0.014562785225220587,16541,17905,3675,1364,2175,16140,1454,39174,0.6316644678941503,0.9738433792547422,20,2.5,0.6151422599691879,31,10,10.0,89.6,99,0.905050505050505,0.7397711424411568,44.44444444444445,55.55555555555555,445,555,0.445,0.4444444444444445,10.0125,9.99,1.0022522522522521,5.0,1.0,0.05,20.0,1.0,2.5,1.2,2.0,0.8
strong_visible_T_zone__rep01,strong_visible_T_zone,1,1001,500,1000,1500,1000,True,82.52958872299722,248.69372171956405,166.16413299656682,6.018145925755598,0.16616413299656682,0.10364358458418366,28508,125462,24870,96954,23370,28466,1491,180289,0.6316644678941503,1.9280283278735053,20,2.5,1.2178669878110662,179,10,10.0,1037.0,99,10.474747474747474,3.875101482289825e-156,44.44444444444445,55.55555555555555,925,75,0.925,0.4444444444444445,20.812499999999996,1.35,15.416666666666663,5.0,2.0,0.005,400.0,1.0,5.0,3.0,2.0,0.8
strong_visible_T_zone__rep02,strong_visible_T_zone,2,1002,500,1000,1500,1000,True,85.77906322782883,255.60576285162824,169.8266996237994,5.888355613193937,0.16982669962379943,0.11649796852609029,29228,128510,25669,99282,24169,29184,1495,184858,0.6316644678941503,1.8489311414746596,20,2.5,1.1679041056525148,174,10,10.0,1008.0,99,10.181818181818182,1.9471720274165127e-150,44.44444444444445,55.55555555555555,912,88,0.912,0.4444444444444445,20.519999999999996,1.584,12.954545454545451,5.0,2.0,0.005,400.0,1.0,5.0,3.0,2.0,0.8
strong_visible_T_zone__rep03,strong_visible_T_zone,3,1003,500,1000,1500,1000,True,83.96767222085639,251.94975047441258,167.9820782535562,5.953016002639138,0.1679820782535562,0.10850357210792083,29256,126112,25344,96856,23844,29231,1492,182179,0.6316644678941503,1.7480386430924117,20,2.5,1.1041738993473809,166,10,10.0,911.8000000000001,99,9.210101010101011,1.177997419990416e-131,44.44444444444445,55.55555555555555,901,99,0.901,0.4444444444444445,20.272499999999997,1.7820000000000003,11.376262626262623,5.0,2.0,0.005,400.0,1.0,5.0,3.0,2.0,0.8
strong_visible_T_zone__rep04,strong_visible_T_zone,4,1004,500,1000,1500,1000,True,84.62837148467707,242.8423586745122,158.21398718983514,6.320553686572205,0.15821398718983515,0.09519309735345871,27944,121087,24226,93143,22726,27903,1495,174711,0.6316644678941503,1.7899748671594962,20,2.5,1.1306635220082055,164,10,10.0,952.8,99,9.624242424242423,1.2369578937124364e-139,44.44444444444445,55.55555555555555,889,111,0.889,0.4444444444444445,20.002499999999998,1.9980000000000002,10.011261261261259,5.0,2.0,0.005,400.0,1.0,5.0,3.0,2.0,0.8
strong_visible_T_zone__rep05,strong_visible_T_zone,5,1005,500,1000,1500,1000,True,87.70367171261613,252.9776068462435,165.2739351336274,6.050560841257149,0.1652739351336274,0.1062671019469974,28818,126132,25181,97314,23681,28782,1493,181588,0.6316644678941503,1.7832413955173638,20,2.5,1.1264102272262977,175,10,10.0,955.8,99,9.654545454545454,3.213479119468691e-140,44.44444444444445,55.55555555555555,898,102,0.898,0.4444444444444445,20.205,1.836,11.004901960784313,5.0,2.0,0.005,400.0,1.0,5.0,3.0,2.0,0.8
T0p5_c0p005_ratio_1e2__rep01,T0p5_c0p005_ratio_1e2,1,1001,500,1000,1500,1000,True,13.03980936760101,37.419943610342784,24.380134242741775,41.01700138495794,0.024380134242741776,0.0168045960098393,17201,18980,3788,1779,2288,16796,1448,41012,0.6316644678941503,0.9830646164419969,20,2.5,0.6209669878504009,31,10,10.0,115.4,99,1.1656565656565656,0.12435227332704708,44.44444444444445,55.55555555555555,443,557,0.443,0.4444444444444445,9.9675,10.026000000000002,0.9941651705565527,5.0,0.5,0.005,100.0,1.0,2.5,1.2,2.0,0.8
T0p5_c0p005_ratio_1e2__rep02,T0p5_c0p005_ratio_1e2,2,1002,500,1000,1500,1000,True,15.263206833868912,40.53117140443966,25.267964570570747,39.57580347269785,0.025267964570570747,0.017586410602309144,17976,20419,4011,2443,2511,17556,1443,43429,0.6316644678941503,1.002253100865988,20,2.5,0.6330876716537766,36,10,10.0,110.6,99,1.117171717171717,0.20012651760542216,44.44444444444445,55.55555555555555,408,592,0.408,0.4444444444444445,9.18,10.656,0.8614864864864864,5.0,0.5,0.005,100.0,1.0,2.5,1.2,2.0,0.8
T0p5_c0p005_ratio_1e2__rep03,T0p5_c0p005_ratio_1e2,3,1003,500,1000,1500,1000,True,16.41853206692206,41.02359542981247,24.605063362890405,40.64204124376325,0.024605063362890405,0.016180391119052118,17989,20349,4163,2360,2663,17582,1454,43548,0.6316644678941503,0.9676470700262186,20,2.5,0.611228271597445,32,10,10.0,101.4,99,1.0242424242424244,0.4142961116369804,44.44444444444445,55.55555555555555,470,530,0.47,0.4444444444444445,10.575,9.540000000000001,1.1084905660377358,5.0,0.5,0.005,100.0,1.0,2.5,1.2,2.0,0.8
T0p5_c0p005_ratio_1e2__rep04,T0p5_c0p005_ratio_1e2,4,1004,500,1000,1500,1000,True,13.662695290893916,36.714673374921,23.051978084027084,43.3802251743814,0.023051978084027085,0.01599563105909052,15998,18250,3693,2252,2193,15576,1444,38963,0.6316644678941503,0.9603675152830958,20,2.5,0.606630035524124,28,10,10.0,96.4,99,0.9737373737373738,0.55524002933352,44.44444444444445,55.55555555555555,440,560,0.44,0.4444444444444445,9.899999999999999,10.080000000000002,0.9821428571428569,5.0,0.5,0.005,100.0,1.0,2.5,1.2,2.0,0.8
T0p5_c0p005_ratio_1e2__rep05,T0p5_c0p005_ratio_1e2,5,1005,500,1000,1500,1000,True,13.555724767030387,38.26862086609586,24.71289609906547,40.46470296283144,0.024712896099065473,0.017119674120102957,17160,19071,3882,1911,2382,16724,1455,41132,0.6316644678941503,1.0298794245311833,20,2.5,0.6505382386916236,37,10,10.0,95.99999999999997,99,0.9696969696969694,0.566657963740924,44.44444444444445,55.55555555555555,449,551,0.449,0.4444444444444445,10.1025,9.918000000000001,1.0186025408348456,5.0,0.5,0.005,100.0,1.0,2.5,1.2,2.0,0.8
T0p5_c0p0005_ratio_1e3__rep01,T0p5_c0p0005_ratio_1e3,1,1001,500,1000,1500,1000,True,13.018099516564844,40.63908040257571,27.620980886010862,36.20436233336188,0.027620980886010862,0.019957651375154484,18581,20437,4159,1856,2659,18165,1450,44211,0.6316644678941503,1.0122062060216643,20,2.5,0.6393746945258313,35,10,10.0,130.39999999999998,99,1.317171717171717,0.018867878011600277,44.44444444444445,55.55555555555555,434,566,0.434,0.4444444444444445,9.764999999999999,10.188,0.9584805653710246,5.0,0.5,0.0005,1000.0,1.0,2.5,1.2,2.0,0.8
T0p5_c0p0005_ratio_1e3__rep02,T0p5_c0p0005_ratio_1e3,2,1002,500,1000,1500,1000,True,15.263206833868912,39.68155321369538,24.418346379826467,40.952814103176244,0.024418346379826466,0.017227194222218856,17466,19870,3967,2404,2467,17098,1449,42384,0.6316644678941503,0.9830646164419969,20,2.5,0.6209669878504009,33,10,10.0,93.4,99,0.9434343434343435,0.6398690354783664,44.44444444444445,55.55555555555555,440,560,0.44,0.4444444444444445,9.899999999999999,10.080000000000002,0.9821428571428569,5.0,0.5,0.0005,1000.0,1.0,2.5,1.2,2.0,0.8
T0p5_c0p0005_ratio_1e3__rep03,T0p5_c0p0005_ratio_1e3,3,1003,500,1000,1500,1000,True,17.093057201130012,44.2279563599075,27.13489915877749,36.85291012686605,0.027134899158777488,0.018139715762849562,19639,21978,4417,2339,2917,19242,1456,47093,0.6316644678941503,0.9403246919632544,20,2.5,0.5939696961966999,28,10,10.0,79.60000000000002,99,0.8040404040404042,0.9239960260561355,44.44444444444445,55.55555555555555,414,586,0.414,0.4444444444444445,9.315,10.548000000000002,0.8831058020477813,5.0,0.5,0.0005,1000.0,1.0,2.5,1.2,2.0,0.8
T0p5_c0p0005_ratio_1e3__rep04,T0p5_c0p0005_ratio_1e3,4,1004,500,1000,1500,1000,True,14.062328392039436,39.24440516396472,25.182076771925285,39.7107835488322,0.025182076771925285,0.016600981256704728,17449,19645,3962,2196,2462,17066,1444,42117,0.6316644678941503,1.0289055430608551,20,2.5,0.6499230723708769,37,10,10.0,153.79999999999998,99,1.5535353535353533,0.0003491433078639248,44.44444444444445,55.55555555555555,406,594,0.406,0.4444444444444445,9.134999999999998,10.692000000000002,0.854377104377104,5.0,0.5,0.0005,1000.0,1.0,2.5,1.2,2.0,0.8
T0p5_c0p0005_ratio_1e3__rep05,T0p5_c0p0005_ratio_1e3,5,1005,500,1000,1500,1000,True,13.152752886341622,38.32038782954238,25.16763494320076,39.73357060593244,0.02516763494320076,0.01608217348356078,17000,19072,3891,2072,2391,16578,1451,40992,0.6316644678941503,0.9697169056961842,20,2.5,0.6125357132445421,34,10,10.0,81.6,99,0.8242424242424242,0.8978421248984417,44.44444444444445,55.55555555555555,425,575,0.425,0.4444444444444445,9.562499999999998,10.350000000000001,0.9239130434782605,5.0,0.5,0.0005,1000.0,1.0,2.5,1.2,2.0,0.8
T0p5_c0p00005_ratio_1e4__rep01,T0p5_c0p00005_ratio_1e4,1,1001,500,1000,1500,1000,True,13.018099516564844,40.63908040257571,27.620980886010862,36.20436233336188,0.027620980886010862,0.019957651375154484,18581,20437,4159,1856,2659,18165,1450,44211,0.6316644678941503,1.0122062060216643,20,2.5,0.6393746945258313,35,10,10.0,130.39999999999998,99,1.317171717171717,0.018867878011600277,44.44444444444445,55.55555555555555,434,566,0.434,0.4444444444444445,9.764999999999999,10.188,0.9584805653710246,5.0,0.5,5e-05,10000.0,1.0,2.5,1.2,2.0,0.8
T0p5_c0p00005_ratio_1e4__rep02,T0p5_c0p00005_ratio_1e4,2,1002,500,1000,1500,1000,True,15.263206833868912,39.68155321369538,24.418346379826467,40.952814103176244,0.024418346379826466,0.017227194222218856,17466,19870,3967,2404,2467,17098,1449,42384,0.6316644678941503,0.9830646164419969,20,2.5,0.6209669878504009,33,10,10.0,93.4,99,0.9434343434343435,0.6398690354783664,44.44444444444445,55.55555555555555,440,560,0.44,0.4444444444444445,9.899999999999999,10.080000000000002,0.9821428571428569,5.0,0.5,5e-05,10000.0,1.0,2.5,1.2,2.0,0.8
T0p5_c0p00005_ratio_1e4__rep03,T0p5_c0p00005_ratio_1e4,3,1003,500,1000,1500,1000,True,17.093057201130012,44.2279563599075,27.13489915877749,36.85291012686605,0.027134899158777488,0.018139715762849562,19639,21978,4417,2339,2917,19242,1456,47093,0.6316644678941503,0.9403246919632544,20,2.5,0.5939696961966999,28,10,10.0,79.60000000000002,99,0.8040404040404042,0.9239960260561355,44.44444444444445,55.55555555555555,414,586,0.414,0.4444444444444445,9.315,10.548000000000002,0.8831058020477813,5.0,0.5,5e-05,10000.0,1.0,2.5,1.2,2.0,0.8
T0p5_c0p00005_ratio_1e4__rep04,T0p5_c0p00005_ratio_1e4,4,1004,500,1000,1500,1000,True,14.062328392039436,39.24440516396472,25.182076771925285,39.7107835488322,0.025182076771925285,0.016600981256704728,17449,19645,3962,2196,2462,17066,1444,42117,0.6316644678941503,1.0289055430608551,20,2.5,0.6499230723708769,37,10,10.0,153.79999999999998,99,1.5535353535353533,0.0003491433078639248,44.44444444444445,55.55555555555555,406,594,0.406,0.4444444444444445,9.134999999999998,10.692000000000002,0.854377104377104,5.0,0.5,5e-05,10000.0,1.0,2.5,1.2,2.0,0.8
T0p5_c0p00005_ratio_1e4__rep05,T0p5_c0p00005_ratio_1e4,5,1005,500,1000,1500,1000,True,13.152752886341622,38.32038782954238,25.16763494320076,39.73357060593244,0.02516763494320076,0.01608217348356078,17000,19072,3891,2072,2391,16578,1451,40992,0.6316644678941503,0.9697169056961842,20,2.5,0.6125357132445421,34,10,10.0,81.6,99,0.8242424242424242,0.8978421248984417,44.44444444444445,55.55555555555555,425,575,0.425,0.4444444444444445,9.562499999999998,10.350000000000001,0.9239130434782605,5.0,0.5,5e-05,10000.0,1.0,2.5,1.2,2.0,0.8
T0p5_c0p025_ratio_20__rep01,T0p5_c0p025_ratio_20,1,1001,500,1000,1500,1000,True,13.65517142324529,36.826986181017325,23.171814757772033,43.155877537152804,0.02317181475777203,0.014818803816755377,17053,18664,3819,1611,2319,16656,1455,40594,0.6316644678941503,0.9424545354437242,20,2.5,0.5953150426454886,33,10,10.0,64.40000000000002,99,0.6505050505050507,0.9972337315607332,44.44444444444445,55.55555555555555,440,560,0.44,0.4444444444444445,9.899999999999999,10.080000000000002,0.9821428571428569,5.0,0.5,0.025,20.0,1.0,2.5,1.2,2.0,0.8
T0p5_c0p025_ratio_20__rep02,T0p5_c0p025_ratio_20,2,1002,500,1000,1500,1000,True,13.884231433988848,37.52237140719832,23.638139973209473,42.304513008779885,0.023638139973209474,0.01700622851450717,16812,19064,3755,2252,2255,16393,1458,40670,0.6316644678941503,0.9820443103897717,20,2.5,0.620322496770833,31,10,10.0,87.19999999999999,99,0.8808080808080807,0.7957528595202117,44.44444444444445,55.55555555555555,417,583,0.417,0.4444444444444445,9.382499999999999,10.494000000000002,0.8940823327615778,5.0,0.5,0.025,20.0,1.0,2.5,1.2,2.0,0.8
T0p5_c0p025_ratio_20__rep03,T0p5_c0p025_ratio_20,3,1003,500,1000,1500,1000,True,12.74522259412951,39.22161207693047,26.47638948280096,37.769500280602806,0.026476389482800962,0.018276747185556275,17733,19556,3979,1823,2479,17351,1446,42332,0.6316644678941503,1.0567837905408441,20,2.5,0.6675327707311455,30,10,10.0,117.39999999999999,99,1.1858585858585857,0.10007666419197014,44.44444444444445,55.55555555555555,468,532,0.468,0.4444444444444445,10.53,9.576,1.0996240601503757,5.0,0.5,0.025,20.0,1.0,2.5,1.2,2.0,0.8
T0p5_c0p025_ratio_20__rep04,T0p5_c0p025_ratio_20,4,1004,500,1000,1500,1000,True,14.211340405642606,39.09000331842384,24.878662912781234,40.19508618713819,0.024878662912781235,0.01654049647372524,17472,19608,3981,2136,2481,17092,1444,42125,0.6316644678941503,0.9942188782883083,20,2.5,0.6280127387243033,32,10,10.0,91.4,99,0.9232323232323233,0.693877970930794,44.44444444444445,55.55555555555555,418,582,0.418,0.4444444444444445,9.405,10.476,0.8977663230240549,5.0,0.5,0.025,20.0,1.0,2.5,1.2,2.0,0.8
T0p5_c0p025_ratio_20__rep05,T0p5_c0p025_ratio_20,5,1005,500,1000,1500,1000,True,14.082433805744067,39.231918441761884,25.149484636017817,39.76224620395802,0.025149484636017818,0.017266856714643453,17855,19658,3998,1803,2498,17467,1447,42570,0.6316644678941503,1.0289055430608551,20,2.5,0.6499230723708769,38,10,10.0,112.60000000000002,99,1.1373737373737376,0.16543244854523687,44.44444444444445,55.55555555555555,429,571,0.429,0.4444444444444445,9.652499999999998,10.278,0.939141856392294,5.0,0.5,0.025,20.0,1.0,2.5,1.2,2.0,0.8
T0p5_c0p01_ratio_50__rep01,T0p5_c0p01_ratio_50,1,1001,500,1000,1500,1000,True,13.363320415217887,38.562588863291026,25.19926844807314,39.68369169369537,0.02519926844807314,0.01674859132757689,17788,19379,3835,1591,2335,17402,1452,42068,0.6316644678941503,0.9392579591275556,20,2.5,0.593295878967653,24,10,10.0,76.0,99,0.7676767676767676,0.9584749840016857,44.44444444444445,55.55555555555555,461,539,0.461,0.4444444444444445,10.372499999999999,9.702000000000002,1.0691094619666044,5.0,0.5,0.01,50.0,1.0,2.5,1.2,2.0,0.8
T0p5_c0p01_ratio_50__rep02,T0p5_c0p01_ratio_50,2,1002,500,1000,1500,1000,True,15.263206833868912,40.53117140443966,25.267964570570747,39.57580347269785,0.025267964570570747,0.017586410602309144,17976,20419,4011,2443,2511,17556,1443,43429,0.6316644678941503,1.002253100865988,20,2.5,0.6330876716537766,36,10,10.0,110.6,99,1.117171717171717,0.20012651760542216,44.44444444444445,55.55555555555555,408,592,0.408,0.4444444444444445,9.18,10.656,0.8614864864864864,5.0,0.5,0.01,50.0,1.0,2.5,1.2,2.0,0.8
T0p5_c0p01_ratio_50__rep03,T0p5_c0p01_ratio_50,3,1003,500,1000,1500,1000,True,15.065763204345963,38.71634970947287,23.65058650512691,42.28224952405399,0.02365058650512691,0.015884472632787805,17024,19301,3945,2277,2445,16631,1435,41312,0.6316644678941503,1.002253100865988,20,2.5,0.6330876716537766,42,10,10.0,104.4,99,1.0545454545454547,0.33571465794111827,44.44444444444445,55.55555555555555,427,573,0.427,0.4444444444444445,9.607499999999998,10.314000000000002,0.9315008726003488,5.0,0.5,0.01,50.0,1.0,2.5,1.2,2.0,0.8
T0p5_c0p01_ratio_50__rep04,T0p5_c0p01_ratio_50,4,1004,500,1000,1500,1000,True,13.662695290893916,36.714673374921,23.051978084027084,43.3802251743814,0.023051978084027085,0.01599563105909052,15998,18250,3693,2252,2193,15576,1444,38963,0.6316644678941503,0.9603675152830958,20,2.5,0.606630035524124,28,10,10.0,96.4,99,0.9737373737373738,0.55524002933352,44.44444444444445,55.55555555555555,440,560,0.44,0.4444444444444445,9.899999999999999,10.080000000000002,0.9821428571428569,5.0,0.5,0.01,50.0,1.0,2.5,1.2,2.0,0.8
T0p5_c0p01_ratio_50__rep05,T0p5_c0p01_ratio_50,5,1005,500,1000,1500,1000,True,14.048845344719496,36.135597918562695,22.0867525738432,45.27600862357083,0.0220867525738432,0.015875610215438485,15824,17867,3670,2043,2170,15451,1444,38432,0.6316644678941503,0.9614108263080648,20,2.5,0.6072890580275592,31,10,10.0,99.60000000000002,99,1.0060606060606063,0.46417093060112125,44.44444444444445,55.55555555555555,443,557,0.443,0.4444444444444445,9.9675,10.026000000000002,0.9941651705565527,5.0,0.5,0.01,50.0,1.0,2.5,1.2,2.0,0.8
T1e-1_c1e-2_ratio_1e1__rep01,T1e-1_c1e-2_ratio_1e1,1,1001,500,1000,1500,1000,True,16.297590960284193,39.43555415894037,23.137963198656177,43.219015926954135,0.023137963198656176,0.016194022522599383,16560,19728,3975,3168,2475,16149,1446,41298,0.6316644678941503,0.9220224038943999,20,2.5,0.5824087911424415,21,10,10.0,109.2,99,1.103030303030303,0.22711200754983743,44.44444444444445,55.55555555555555,435,565,0.435,0.4444444444444445,9.7875,10.170000000000002,0.9623893805309732,5.0,0.1,0.01,10.0,1.0,2.5,1.2,2.0,0.8
T1e-1_c1e-2_ratio_1e1__rep02,T1e-1_c1e-2_ratio_1e1,2,1002,500,1000,1500,1000,True,13.975288251187754,37.59376538086305,23.61847712967529,42.339732342165114,0.02361847712967529,0.015157837012594655,16573,18899,3820,2326,2320,16172,1449,40340,0.6316644678941503,1.0337657757915935,20,2.5,0.6529931086925803,36,10,10.0,116.20000000000002,99,1.173737373737374,0.11415567544458315,44.44444444444445,55.55555555555555,408,592,0.408,0.4444444444444445,9.18,10.656,0.8614864864864864,5.0,0.1,0.01,10.0,1.0,2.5,1.2,2.0,0.8
T1e-1_c1e-2_ratio_1e1__rep03,T1e-1_c1e-2_ratio_1e1,3,1003,500,1000,1500,1000,True,17.996306579311646,45.373412709714906,27.37710613040326,36.526870124138654,0.02737710613040326,0.01780622465878423,18670,22516,4597,3846,3097,18280,1449,46842,0.6316644678941503,0.9861192005504382,20,2.5,0.6228964600958975,31,10,10.0,99.19999999999999,99,1.0020202020202018,0.4754420319581625,44.44444444444445,55.55555555555555,463,537,0.463,0.4444444444444445,10.417499999999999,9.666,1.0777467411545623,5.0,0.1,0.01,10.0,1.0,2.5,1.2,2.0,0.8
T1e-1_c1e-2_ratio_1e1__rep04,T1e-1_c1e-2_ratio_1e1,4,1004,500,1000,1500,1000,True,16.587309855337992,41.8829136134171,25.29560375807911,39.53256105542103,0.02529560375807911,0.017522940023829037,17528,20807,4240,3279,2740,17158,1450,43655,0.6316644678941503,1.0161601515676972,20,2.5,0.6418722614352486,39,10,10.0,113.19999999999999,99,1.1434343434343432,0.15590431788996212,44.44444444444445,55.55555555555555,408,592,0.408,0.4444444444444445,9.18,10.656,0.8614864864864864,5.0,0.1,0.01,10.0,1.0,2.5,1.2,2.0,0.8
T1e-1_c1e-2_ratio_1e1__rep05,T1e-1_c1e-2_ratio_1e1,5,1005,500,1000,1500,1000,True,14.186677526639404,37.36130541877409,23.174627892134684,43.15063890796682,0.023174627892134682,0.016000275798521812,15299,18334,3807,3035,2307,14856,1450,38447,0.6316644678941503,0.9962335082737976,20,2.5,0.629285308902091,38,10,10.0,96.4,99,0.9737373737373738,0.55524002933352,44.44444444444445,55.55555555555555,421,579,0.421,0.4444444444444445,9.472499999999998,10.422,0.9088946459412779,5.0,0.1,0.01,10.0,1.0,2.5,1.2,2.0,0.8
T1e-1_c1e-3_ratio_1e2__rep01,T1e-1_c1e-3_ratio_1e2,1,1001,500,1000,1500,1000,True,16.29267305699084,39.430636255647016,23.137963198656177,43.219015926954135,0.023137963198656176,0.016194022522599383,16560,19728,3975,3168,2475,16149,1446,41298,0.6316644678941503,0.9220224038943999,20,2.5,0.5824087911424415,21,10,10.0,109.2,99,1.103030303030303,0.22711200754983743,44.44444444444445,55.55555555555555,435,565,0.435,0.4444444444444445,9.7875,10.170000000000002,0.9623893805309732,5.0,0.1,0.001,100.0,1.0,2.5,1.2,2.0,0.8
T1e-1_c1e-3_ratio_1e2__rep02,T1e-1_c1e-3_ratio_1e2,2,1002,500,1000,1500,1000,True,13.975288251187754,37.59376538086305,23.61847712967529,42.339732342165114,0.02361847712967529,0.015157837012594655,16573,18899,3820,2326,2320,16172,1449,40340,0.6316644678941503,1.0337657757915935,20,2.5,0.6529931086925803,36,10,10.0,116.20000000000002,99,1.173737373737374,0.11415567544458315,44.44444444444445,55.55555555555555,408,592,0.408,0.4444444444444445,9.18,10.656,0.8614864864864864,5.0,0.1,0.001,100.0,1.0,2.5,1.2,2.0,0.8
T1e-1_c1e-3_ratio_1e2__rep03,T1e-1_c1e-3_ratio_1e2,3,1003,500,1000,1500,1000,True,16.41621753787776,41.14045978800843,24.72424225013067,40.44613338937475,0.02472424225013067,0.016277397884779887,17062,20419,4151,3357,2651,16634,1449,42653,0.6316644678941503,1.0230427856905022,20,2.5,0.6462197768561404,36,10,10.0,116.00000000000003,99,1.171717171717172,0.11664290879820903,44.44444444444445,55.55555555555555,444,556,0.444,0.4444444444444445,9.989999999999998,10.008000000000001,0.9982014388489207,5.0,0.1,0.001,100.0,1.0,2.5,1.2,2.0,0.8
T1e-1_c1e-3_ratio_1e2__rep04,T1e-1_c1e-3_ratio_1e2,4,1004,500,1000,1500,1000,True,17.405156045150676,41.45223104666173,24.047075001511054,41.5850992246318,0.024047075001511053,0.01630463840038665,17249,20628,4172,3379,2672,16868,1443,43111,0.6316644678941503,0.990177321402358,20,2.5,0.6254598308444755,25,10,10.0,85.79999999999998,99,0.8666666666666665,0.8252099556059151,44.44444444444445,55.55555555555555,411,589,0.411,0.4444444444444445,9.247499999999999,10.602,0.8722410865874362,5.0,0.1,0.001,100.0,1.0,2.5,1.2,2.0,0.8
T1e-1_c1e-3_ratio_1e2__rep05,T1e-1_c1e-3_ratio_1e2,5,1005,500,1000,1500,1000,True,14.227096403384872,37.19858268127534,22.97148627789047,43.5322289512663,0.02297148627789047,0.015336539170810681,15769,18575,3771,2806,2271,15367,1451,39164,0.6316644678941503,1.0072419475240941,20,2.5,0.6362389488234746,29,10,10.0,89.19999999999999,99,0.9010101010101009,0.749545095185139,44.44444444444445,55.55555555555555,444,556,0.444,0.4444444444444445,9.989999999999998,10.008000000000001,0.9982014388489207,5.0,0.1,0.001,100.0,1.0,2.5,1.2,2.0,0.8
T1e-1_c1e-4_ratio_1e3__rep01,T1e-1_c1e-4_ratio_1e3,1,1001,500,1000,1500,1000,True,16.29267305699084,39.430636255647016,23.137963198656177,43.219015926954135,0.023137963198656176,0.016194022522599383,16560,19728,3975,3168,2475,16149,1446,41298,0.6316644678941503,0.9220224038943999,20,2.5,0.5824087911424415,21,10,10.0,109.2,99,1.103030303030303,0.22711200754983743,44.44444444444445,55.55555555555555,435,565,0.435,0.4444444444444445,9.7875,10.170000000000002,0.9623893805309732,5.0,0.1,0.0001,1000.0,1.0,2.5,1.2,2.0,0.8
T1e-1_c1e-4_ratio_1e3__rep02,T1e-1_c1e-4_ratio_1e3,2,1002,500,1000,1500,1000,True,13.975288251187754,37.59376538086305,23.61847712967529,42.339732342165114,0.02361847712967529,0.015157837012594655,16573,18899,3820,2326,2320,16172,1449,40340,0.6316644678941503,1.0337657757915935,20,2.5,0.6529931086925803,36,10,10.0,116.20000000000002,99,1.173737373737374,0.11415567544458315,44.44444444444445,55.55555555555555,408,592,0.408,0.4444444444444445,9.18,10.656,0.8614864864864864,5.0,0.1,0.0001,1000.0,1.0,2.5,1.2,2.0,0.8
T1e-1_c1e-4_ratio_1e3__rep03,T1e-1_c1e-4_ratio_1e3,3,1003,500,1000,1500,1000,True,16.41621753787776,41.14045978800843,24.72424225013067,40.44613338937475,0.02472424225013067,0.016277397884779887,17062,20419,4151,3357,2651,16634,1449,42653,0.6316644678941503,1.0230427856905022,20,2.5,0.6462197768561404,36,10,10.0,116.00000000000003,99,1.171717171717172,0.11664290879820903,44.44444444444445,55.55555555555555,444,556,0.444,0.4444444444444445,9.989999999999998,10.008000000000001,0.9982014388489207,5.0,0.1,0.0001,1000.0,1.0,2.5,1.2,2.0,0.8
T1e-1_c1e-4_ratio_1e3__rep04,T1e-1_c1e-4_ratio_1e3,4,1004,500,1000,1500,1000,True,17.405156045150676,41.45223104666173,24.047075001511054,41.5850992246318,0.024047075001511053,0.01630463840038665,17249,20628,4172,3379,2672,16868,1443,43111,0.6316644678941503,0.990177321402358,20,2.5,0.6254598308444755,25,10,10.0,85.79999999999998,99,0.8666666666666665,0.8252099556059151,44.44444444444445,55.55555555555555,411,589,0.411,0.4444444444444445,9.247499999999999,10.602,0.8722410865874362,5.0,0.1,0.0001,1000.0,1.0,2.5,1.2,2.0,0.8
T1e-1_c1e-4_ratio_1e3__rep05,T1e-1_c1e-4_ratio_1e3,5,1005,500,1000,1500,1000,True,14.227096403384872,37.19858268127534,22.97148627789047,43.5322289512663,0.02297148627789047,0.015336539170810681,15769,18575,3771,2806,2271,15367,1451,39164,0.6316644678941503,1.0072419475240941,20,2.5,0.6362389488234746,29,10,10.0,89.19999999999999,99,0.9010101010101009,0.749545095185139,44.44444444444445,55.55555555555555,444,556,0.444,0.4444444444444445,9.989999999999998,10.008000000000001,0.9982014388489207,5.0,0.1,0.0001,1000.0,1.0,2.5,1.2,2.0,0.8
T1e-2_c1e-3_ratio_1e1__rep01,T1e-2_c1e-3_ratio_1e1,1,1001,500,1000,1500,1000,True,25.929587040096024,53.17223849928208,27.242651459186057,36.70714656751247,0.027242651459186057,0.01868243117209012,18998,26990,5334,7992,3834,18584,1434,52342,0.6316644678941503,0.9561828874675149,20,2.5,0.60398675482166,24,10,10.0,119.8,99,1.2101010101010101,0.07601774548208123,44.44444444444445,55.55555555555555,412,588,0.412,0.4444444444444445,9.27,10.584000000000001,0.8758503401360542,5.0,0.01,0.001,10.0,1.0,2.5,1.2,2.0,0.8
T1e-2_c1e-3_ratio_1e1__rep02,T1e-2_c1e-3_ratio_1e1,2,1002,500,1000,1500,1000,True,16.454770595728935,40.68090140197101,24.22613080624208,41.27774294615553,0.02422613080624208,0.017142044438481108,17258,20460,4094,3202,2594,16843,1442,42839,0.6316644678941503,0.9738433792547422,20,2.5,0.6151422599691879,36,10,10.0,86.6,99,0.8747474747474747,0.8086832485812699,44.44444444444445,55.55555555555555,407,593,0.407,0.4444444444444445,9.157499999999999,10.674000000000001,0.8579258010118042,5.0,0.01,0.001,10.0,1.0,2.5,1.2,2.0,0.8
T1e-2_c1e-3_ratio_1e1__rep03,T1e-2_c1e-3_ratio_1e1,3,1003,500,1000,1500,1000,True,30.641766064047463,58.94621683332793,28.304450769280468,35.33013264067025,0.028304450769280468,0.017371471657275706,18801,29559,5924,10758,4424,18385,1451,55319,0.6316644678941503,0.9748722684791193,20,2.5,0.6157921727336262,28,10,10.0,134.39999999999998,99,1.3575757575757574,0.010379951385083734,44.44444444444445,55.55555555555555,463,537,0.463,0.4444444444444445,10.417499999999999,9.666,1.0777467411545623,5.0,0.01,0.001,10.0,1.0,2.5,1.2,2.0,0.8
T1e-2_c1e-3_ratio_1e1__rep04,T1e-2_c1e-3_ratio_1e1,4,1004,500,1000,1500,1000,True,32.74978816337482,59.51522617850269,26.76543801512787,37.361615357641384,0.02676543801512787,0.017202112931244073,18035,29869,5904,11834,4404,17597,1459,54829,0.6316644678941503,1.0181313661295095,20,2.5,0.643117407632541,32,10,10.0,110.8,99,1.119191919191919,0.19645279633218515,44.44444444444445,55.55555555555555,424,576,0.424,0.4444444444444445,9.54,10.368,0.9201388888888887,5.0,0.01,0.001,10.0,1.0,2.5,1.2,2.0,0.8
T1e-2_c1e-3_ratio_1e1__rep05,T1e-2_c1e-3_ratio_1e1,5,1005,500,1000,1500,1000,True,16.73730363337288,42.684180085772695,25.946876452399817,38.540284486054595,0.025946876452399816,0.016867406500631787,17307,21229,4371,3922,2871,16921,1440,43961,0.6316644678941503,0.9810229431759452,20,2.5,0.6196773353931867,32,10,10.0,106.80000000000001,99,1.0787878787878789,0.2784352785571971,44.44444444444445,55.55555555555555,447,553,0.447,0.4444444444444445,10.0575,9.954,1.0103978300180831,5.0,0.01,0.001,10.0,1.0,2.5,1.2,2.0,0.8
T1e-2_c1e-4_ratio_1e2__rep01,T1e-2_c1e-4_ratio_1e2,1,1001,500,1000,1500,1000,True,25.929587040096024,53.17223849928208,27.242651459186057,36.70714656751247,0.027242651459186057,0.01868243117209012,18998,26990,5334,7992,3834,18584,1434,52342,0.6316644678941503,0.9561828874675149,20,2.5,0.60398675482166,24,10,10.0,119.8,99,1.2101010101010101,0.07601774548208123,44.44444444444445,55.55555555555555,412,588,0.412,0.4444444444444445,9.27,10.584000000000001,0.8758503401360542,5.0,0.01,0.0001,100.0,1.0,2.5,1.2,2.0,0.8
T1e-2_c1e-4_ratio_1e2__rep02,T1e-2_c1e-4_ratio_1e2,2,1002,500,1000,1500,1000,True,16.454770595728935,40.68090140197101,24.22613080624208,41.27774294615553,0.02422613080624208,0.017142044438481108,17258,20460,4094,3202,2594,16843,1442,42839,0.6316644678941503,0.9738433792547422,20,2.5,0.6151422599691879,36,10,10.0,86.6,99,0.8747474747474747,0.8086832485812699,44.44444444444445,55.55555555555555,407,593,0.407,0.4444444444444445,9.157499999999999,10.674000000000001,0.8579258010118042,5.0,0.01,0.0001,100.0,1.0,2.5,1.2,2.0,0.8
T1e-2_c1e-4_ratio_1e2__rep03,T1e-2_c1e-4_ratio_1e2,3,1003,500,1000,1500,1000,True,29.931392519712258,55.21634361071466,25.2849510910024,39.54921630660571,0.0252849510910024,0.017485122939042697,17620,27514,5561,9894,4061,17220,1432,51727,0.6316644678941503,1.0122062060216643,20,2.5,0.6393746945258313,29,10,10.0,109.20000000000002,99,1.1030303030303032,0.22711200754983715,44.44444444444445,55.55555555555555,429,571,0.429,0.4444444444444445,9.652499999999998,10.278,0.939141856392294,5.0,0.01,0.0001,100.0,1.0,2.5,1.2,2.0,0.8
T1e-2_c1e-4_ratio_1e2__rep04,T1e-2_c1e-4_ratio_1e2,4,1004,500,1000,1500,1000,True,32.756908360678565,59.522346375806436,26.76543801512787,37.361615357641384,0.02676543801512787,0.017202112931244073,18034,29869,5905,11835,4405,17596,1459,54829,0.6316644678941503,1.0181313661295095,20,2.5,0.643117407632541,32,10,10.0,110.8,99,1.119191919191919,0.19645279633218515,44.44444444444445,55.55555555555555,424,576,0.424,0.4444444444444445,9.54,10.368,0.9201388888888887,5.0,0.01,0.0001,100.0,1.0,2.5,1.2,2.0,0.8
T1e-2_c1e-4_ratio_1e2__rep05,T1e-2_c1e-4_ratio_1e2,5,1005,500,1000,1500,1000,True,16.73730363337288,42.684180085772695,25.946876452399817,38.540284486054595,0.025946876452399816,0.016867406500631787,17307,21229,4371,3922,2871,16921,1440,43961,0.6316644678941503,0.9810229431759452,20,2.5,0.6196773353931867,32,10,10.0,106.80000000000001,99,1.0787878787878789,0.2784352785571971,44.44444444444445,55.55555555555555,447,553,0.447,0.4444444444444445,10.0575,9.954,1.0103978300180831,5.0,0.01,0.0001,100.0,1.0,2.5,1.2,2.0,0.8
T1e-3_c1e-4_ratio_1e1__rep01,T1e-3_c1e-4_ratio_1e1,1,1001,500,1000,1500,1000,True,37.62890862862865,65.0065391483935,27.37763051976485,36.526170490834325,0.02737763051976485,0.01690108677856017,18479,32715,6487,14236,4987,18086,1451,58739,0.6316644678941503,1.000250595167447,20,2.5,0.6318227599572526,41,10,10.0,96.40000000000002,99,0.9737373737373739,0.5552400293335196,44.44444444444445,55.55555555555555,434,566,0.434,0.4444444444444445,9.764999999999999,10.188,0.9584805653710246,5.0,0.001,0.0001,10.0,1.0,2.5,1.2,2.0,0.8
T1e-3_c1e-4_ratio_1e1__rep02,T1e-3_c1e-4_ratio_1e1,2,1002,500,1000,1500,1000,True,109.35117095102274,134.18799714804868,24.836826197025943,40.26279332420275,0.024836826197025944,0.017440140939925186,17306,67241,13383,49935,11883,16911,1456,98991,0.6316644678941503,1.0624603781496251,20,2.5,0.6711184694225006,34,10,10.0,137.2,99,1.3858585858585857,0.006683083061272884,44.44444444444445,55.55555555555555,418,582,0.418,0.4444444444444445,9.405,10.476,0.8977663230240549,5.0,0.001,0.0001,10.0,1.0,2.5,1.2,2.0,0.8
T1e-3_c1e-4_ratio_1e1__rep03,T1e-3_c1e-4_ratio_1e1,3,1003,500,1000,1500,1000,True,142.12895201150008,167.4979601274591,25.36900811595902,39.41817494121595,0.02536900811595902,0.016738996003212492,17703,83736,16858,66033,15358,17273,1455,119322,0.6316644678941503,1.0501223225084668,20,2.5,0.6633249580710799,34,10,10.0,128.20000000000002,99,1.294949494949495,0.025786822888004973,44.44444444444445,55.55555555555555,412,588,0.412,0.4444444444444445,9.27,10.584000000000001,0.8758503401360542,5.0,0.001,0.0001,10.0,1.0,2.5,1.2,2.0,0.8
T1e-3_c1e-4_ratio_1e1__rep04,T1e-3_c1e-4_ratio_1e1,4,1004,500,1000,1500,1000,True,94.56114491423574,120.2504590974545,25.689314183218755,38.92669118637812,0.025689314183218754,0.016846422103675707,17541,59808,12153,42267,10653,17132,1449,90542,0.6316644678941503,0.9624530063715755,20,2.5,0.6079473661428265,37,10,10.0,94.60000000000002,99,0.9555555555555558,0.6063708422394724,44.44444444444445,55.55555555555555,425,575,0.425,0.4444444444444445,9.562499999999998,10.350000000000001,0.9239130434782605,5.0,0.001,0.0001,10.0,1.0,2.5,1.2,2.0,0.8
T1e-3_c1e-4_ratio_1e1__rep05,T1e-3_c1e-4_ratio_1e1,5,1005,500,1000,1500,1000,True,48.47786164837257,70.02730915124147,21.5494475028689,46.40490202205272,0.021549447502868902,0.01491851874970962,16009,34908,6951,18899,5451,15632,1442,58933,0.6316644678941503,0.9666104901142949,20,2.5,0.6105735008989499,27,10,10.0,104.80000000000001,99,1.0585858585858587,0.3257868689989192,44.44444444444445,55.55555555555555,424,576,0.424,0.4444444444444445,9.54,10.368,0.9201388888888887,5.0,0.001,0.0001,10.0,1.0,2.5,1.2,2.0,0.8
T0p5_c0p005_ratio_1e2_local_activation__rep01,T0p5_c0p005_ratio_1e2_local_activation,1,1001,500,1000,1500,1000,True,233.68951575912305,734.6525135758067,500.9629978166836,1.9961554133902881,0.5009629978166836,0.2949269960336949,24958,367101,73660,342143,72160,24941,1496,467198,0.6316644678941503,1.8011413813716077,20,2.5,1.1377170122662315,173,10,10.0,1010.1999999999999,99,10.204040404040404,7.20280302257658e-151,44.44444444444445,55.55555555555555,907,93,0.907,0.4444444444444445,20.4075,1.6740000000000002,12.190860215053762,5.0,0.5,0.005,100.0,1.0,5.0,3.0,2.0,0.8
T0p5_c0p005_ratio_1e2_local_activation__rep02,T0p5_c0p005_ratio_1e2_local_activation,2,1002,500,1000,1500,1000,True,267.7239512407912,763.0482352613451,495.3242840205539,2.0188794134682566,0.4953242840205539,0.2912602998680427,25065,383190,76675,358125,75175,25041,1498,486404,0.6316644678941503,1.7776106855477194,20,2.5,1.122853507809456,171,10,10.0,957.6,99,9.672727272727274,1.431029613668637e-140,44.44444444444445,55.55555555555555,911,89,0.911,0.4444444444444445,20.4975,1.602,12.794943820224718,5.0,0.5,0.005,100.0,1.0,5.0,3.0,2.0,0.8
T0p5_c0p005_ratio_1e2_local_activation__rep03,T0p5_c0p005_ratio_1e2_local_activation,3,1003,500,1000,1500,1000,True,258.54540451352227,730.0476926970099,471.5022881834876,2.1208804815192,0.4715022881834876,0.2732201930931524,24475,364662,73082,340187,71582,24456,1497,463697,0.6316644678941503,1.81279219406062,20,2.5,1.1450764166639709,167,10,10.0,936.4,99,9.458585858585858,1.9441129055916043e-136,44.44444444444445,55.55555555555555,902,98,0.902,0.4444444444444445,20.294999999999998,1.7640000000000002,11.505102040816324,5.0,0.5,0.005,100.0,1.0,5.0,3.0,2.0,0.8
T0p5_c0p005_ratio_1e2_local_activation__rep04,T0p5_c0p005_ratio_1e2_local_activation,4,1004,500,1000,1500,1000,True,225.77751792750658,713.9341404013124,488.1566224738059,2.0485228591847267,0.4881566224738059,0.29985442154921316,24176,357260,71541,333084,70041,24153,1494,454448,0.6316644678941503,1.8473037996823376,20,2.5,1.1668761716651859,166,10,10.0,970.6,99,9.804040404040403,4.131482738410129e-143,44.44444444444445,55.55555555555555,905,95,0.905,0.4444444444444445,20.362499999999997,1.7100000000000002,11.907894736842103,5.0,0.5,0.005,100.0,1.0,5.0,3.0,2.0,0.8
T0p5_c0p005_ratio_1e2_local_activation__rep05,T0p5_c0p005_ratio_1e2_local_activation,5,1005,500,1000,1500,1000,True,267.4582648199138,752.2332154183305,484.7749505984167,2.062812855254956,0.4847749505984167,0.29073085096510454,25047,376082,74814,351035,73314,25034,1496,477426,0.6316644678941503,1.7888543819998317,20,2.5,1.1299557513460428,167,10,10.0,965.8000000000001,99,9.755555555555556,3.582832838746642e-142,44.44444444444445,55.55555555555555,900,100,0.9,0.4444444444444445,20.249999999999996,1.8000000000000003,11.249999999999996,5.0,0.5,0.005,100.0,1.0,5.0,3.0,2.0,0.8
T0p5_c0p0005_ratio_1e3_local_activation__rep01,T0p5_c0p0005_ratio_1e3_local_activation,1,1001,500,1000,1500,1000,True,231.783925865519,708.9784550435263,477.1945291780073,2.095581442902442,0.4771945291780073,0.28610868743177775,24057,354701,71264,330644,69764,24037,1497,451499,0.6316644678941503,1.802254227558332,20,2.5,1.1384199576606167,168,10,10.0,992.5999999999999,99,10.026262626262625,2.0412805565464298e-147,44.44444444444445,55.55555555555555,904,96,0.904,0.4444444444444445,20.339999999999996,1.7280000000000002,11.77083333333333,5.0,0.5,0.0005,1000.0,1.0,5.0,3.0,2.0,0.8
T0p5_c0p0005_ratio_1e3_local_activation__rep02,T0p5_c0p0005_ratio_1e3_local_activation,2,1002,500,1000,1500,1000,True,271.8442864405731,788.3926011448746,516.5483147043014,1.9359273305778781,0.5165483147043014,0.2772772191120225,25691,396078,79245,370387,77745,25679,1499,502501,0.6316644678941503,1.8721009333799032,20,2.5,1.1825396399275587,178,10,10.0,1038.1999999999998,99,10.486868686868686,2.2491314642576306e-156,44.44444444444445,55.55555555555555,928,72,0.928,0.4444444444444445,20.88,1.296,16.11111111111111,5.0,0.5,0.0005,1000.0,1.0,5.0,3.0,2.0,0.8
T0p5_c0p0005_ratio_1e3_local_activation__rep03,T0p5_c0p0005_ratio_1e3_local_activation,3,1003,500,1000,1500,1000,True,267.05702288509457,780.7463481744177,513.689325289323,1.94670192812898,0.5136893252893231,0.29207428088855636,25657,389708,77996,364051,76496,25649,1495,494848,0.6316644678941503,1.8795829537960012,20,2.5,1.1872657663724664,176,10,10.0,994.4000000000001,99,10.044444444444446,9.059722987413736e-148,44.44444444444445,55.55555555555555,912,88,0.912,0.4444444444444445,20.519999999999996,1.584,12.954545454545451,5.0,0.5,0.0005,1000.0,1.0,5.0,3.0,2.0,0.8
T0p5_c0p0005_ratio_1e3_local_activation__rep04,T0p5_c0p0005_ratio_1e3_local_activation,4,1004,500,1000,1500,1000,True,235.29224968176842,718.0784173728374,482.78616769106895,2.07131037904941,0.48278616769106897,0.2834919930155593,24067,358998,71743,334931,70243,24059,1499,456299,0.6316644678941503,1.8429571964834603,20,2.5,1.16413057686842,177,10,10.0,1054.4,99,10.650505050505052,1.444367308601293e-159,44.44444444444445,55.55555555555555,919,81,0.919,0.4444444444444445,20.6775,1.4580000000000002,14.182098765432096,5.0,0.5,0.0005,1000.0,1.0,5.0,3.0,2.0,0.8
T0p5_c0p0005_ratio_1e3_local_activation__rep05,T0p5_c0p0005_ratio_1e3_local_activation,5,1005,500,1000,1500,1000,True,249.6585748096141,730.7987001945404,481.1401253849263,2.0783965984960626,0.4811401253849263,0.283910080179794,24525,364848,72538,340323,71038,24512,1496,463394,0.6316644678941503,1.795008394923158,20,2.5,1.1338430226446694,175,10,10.0,1009.6,99,10.197979797979798,9.447199498644928e-151,44.44444444444445,55.55555555555555,885,115,0.885,0.4444444444444445,19.912499999999998,2.0700000000000003,9.619565217391303,5.0,0.5,0.0005,1000.0,1.0,5.0,3.0,2.0,0.8
T1e-1_c1e-4_ratio_1e3_local_activation__rep01,T1e-1_c1e-4_ratio_1e3_local_activation,1,1001,500,1000,1500,1000,True,1042.0255059710594,3236.2319440437527,2194.2064380726933,0.4557456320647576,2.1942064380726936,0.9722426452040054,22526,1617277,323220,1594751,321720,22519,1499,1964515,0.6316644678941503,1.868348687221581,20,2.5,1.1801694793545543,180,10,10.0,1041.6,99,10.52121212121212,4.8132258262932654e-157,44.44444444444445,55.55555555555555,916,84,0.916,0.4444444444444445,20.609999999999996,1.5120000000000002,13.630952380952376,5.0,0.1,0.0001,1000.0,1.0,5.0,3.0,2.0,0.8
T1e-1_c1e-4_ratio_1e3_local_activation__rep02,T1e-1_c1e-4_ratio_1e3_local_activation,2,1002,500,1000,1500,1000,True,1098.54994110832,3447.4894429770698,2348.93950186875,0.42572403384779733,2.3489395018687502,1.2254956957358445,23643,1725755,345015,1702112,343515,23639,1499,2095908,0.6316644678941503,1.9081673817808098,20,2.5,1.2053215338655492,185,10,10.0,1092.4,99,11.034343434343436,4.490675562324487e-167,44.44444444444445,55.55555555555555,939,61,0.939,0.4444444444444445,21.127499999999998,1.098,19.241803278688522,5.0,0.1,0.0001,1000.0,1.0,5.0,3.0,2.0,0.8
T1e-1_c1e-4_ratio_1e3_local_activation__rep03,T1e-1_c1e-4_ratio_1e3_local_activation,3,1003,500,1000,1500,1000,True,1168.1719977577086,3609.977120323096,2441.8051225653876,0.4095330912195765,2.4418051225653876,1.3789040329795625,24730,1805193,360216,1780463,358716,24728,1499,2191636,0.6316644678941503,1.8960452179923553,20,2.5,1.1976643937263893,190,10,10.0,1074.2,99,10.85050505050505,1.7832965482433548e-163,44.44444444444445,55.55555555555555,946,54,0.946,0.4444444444444445,21.284999999999997,0.9720000000000001,21.89814814814814,5.0,0.1,0.0001,1000.0,1.0,5.0,3.0,2.0,0.8
T1e-1_c1e-4_ratio_1e3_local_activation__rep04,T1e-1_c1e-4_ratio_1e3_local_activation,4,1004,500,1000,1500,1000,True,1120.3365902553667,3658.5964524396795,2538.2598621843126,0.3939706942138875,2.5382598621843124,1.3198903731649807,24915,1828688,365530,1803773,364030,24912,1499,2220629,0.6316644678941503,1.9029063643750173,20,2.5,1.2019983361053375,183,10,10.0,1082.0,99,10.929292929292929,5.12340018386029e-165,44.44444444444445,55.55555555555555,938,62,0.938,0.4444444444444445,21.104999999999997,1.116,18.91129032258064,5.0,0.1,0.0001,1000.0,1.0,5.0,3.0,2.0,0.8
T1e-1_c1e-4_ratio_1e3_local_activation__rep05,T1e-1_c1e-4_ratio_1e3_local_activation,5,1005,500,1000,1500,1000,True,1237.5579788863008,3406.4156398146533,2168.8576609283527,0.46107221235162216,2.1688576609283525,1.2042721185275695,23517,1704272,340837,1680755,339337,23512,1498,2070119,0.6316644678941503,1.8532637335698912,20,2.5,1.1706408501329517,182,10,10.0,1011.8,99,10.22020202020202,3.4940405371263284e-151,44.44444444444445,55.55555555555555,922,78,0.922,0.4444444444444445,20.744999999999997,1.4040000000000001,14.775641025641022,5.0,0.1,0.0001,1000.0,1.0,5.0,3.0,2.0,0.8
T0p5_c0p005_ratio_1e2_betaR2p5_betaT5p0__rep01,T0p5_c0p005_ratio_1e2_betaR2p5_betaT5p0,1,1001,500,1000,1500,1000,True,91.76814985226059,231.82343036641063,140.05528051415004,7.140037821701183,0.14005528051415003,0.07605258458334418,15281,116772,23237,101491,21737,15262,1487,156758,0.6316644678941503,1.4769744866060528,20,2.5,0.9329523031752481,109,10,10.0,588.2,99,5.941414141414142,1.3678030326648355e-70,44.44444444444445,55.55555555555555,763,237,0.763,0.4444444444444445,17.167499999999997,4.266,4.0242616033755265,5.0,0.5,0.005,100.0,1.0,2.5,5.0,2.0,0.8
T0p5_c0p005_ratio_1e2_betaR2p5_betaT5p0__rep02,T0p5_c0p005_ratio_1e2_betaR2p5_betaT5p0,2,1002,500,1000,1500,1000,True,85.8660734086704,250.29211109170663,164.4260376830362,6.08176183098019,0.1644260376830362,0.08119935532646139,15731,125785,24912,110054,23412,15683,1481,167861,0.6316644678941503,1.5704029462319007,20,2.5,0.9919677414109795,122,10,10.0,667.6000000000001,99,6.743434343434345,3.561377919926534e-85,44.44444444444445,55.55555555555555,794,206,0.794,0.4444444444444445,17.865,3.708,4.817961165048543,5.0,0.5,0.005,100.0,1.0,2.5,5.0,2.0,0.8
T0p5_c0p005_ratio_1e2_betaR2p5_betaT5p0__rep03,T0p5_c0p005_ratio_1e2_betaR2p5_betaT5p0,3,1003,500,1000,1500,1000,True,73.36315515566773,225.97950315800853,152.6163480023408,6.55237799285213,0.1526163480023408,0.07136359027745698,14250,112576,22603,98326,21103,14227,1486,150892,0.6316644678941503,1.545954377510332,20,2.5,0.9765244492586962,106,10,10.0,632.0,99,6.383838383838384,1.3550017914825214e-78,44.44444444444445,55.55555555555555,776,224,0.776,0.4444444444444445,17.459999999999997,4.032,4.330357142857142,5.0,0.5,0.005,100.0,1.0,2.5,5.0,2.0,0.8
T0p5_c0p005_ratio_1e2_betaR2p5_betaT5p0__rep04,T0p5_c0p005_ratio_1e2_betaR2p5_betaT5p0,4,1004,500,1000,1500,1000,True,77.1690745636334,226.30439786067964,149.13532329704623,6.70531955738085,0.14913532329704624,0.07627089394868847,14633,113002,22791,98369,21291,14612,1491,151896,0.6316644678941503,1.5511334686589624,20,2.5,0.9797958971132712,113,10,10.0,632.0,99,6.383838383838384,1.3550017914825214e-78,44.44444444444445,55.55555555555555,770,230,0.77,0.4444444444444445,17.325,4.140000000000001,4.184782608695651,5.0,0.5,0.005,100.0,1.0,2.5,5.0,2.0,0.8
T0p5_c0p005_ratio_1e2_betaR2p5_betaT5p0__rep05,T0p5_c0p005_ratio_1e2_betaR2p5_betaT5p0,5,1005,500,1000,1500,1000,True,78.69375344469616,225.45716702702506,146.7634135823289,6.813687250733213,0.1467634135823289,0.07762839167316571,14771,112150,22434,97379,20934,14755,1487,150826,0.6316644678941503,1.5158312442030792,20,2.5,0.9574967362868658,106,10,10.0,569.4,99,5.751515151515151,3.443405638785696e-67,44.44444444444445,55.55555555555555,745,255,0.745,0.4444444444444445,16.7625,4.590000000000001,3.651960784313725,5.0,0.5,0.005,100.0,1.0,2.5,5.0,2.0,0.8
T0p5_c0p005_ratio_1e2_betaR3p5_betaT5p0__rep01,T0p5_c0p005_ratio_1e2_betaR3p5_betaT5p0,1,1001,500,1000,1500,1000,True,192.12182058904256,587.738777346006,395.6169567569635,2.5276975188258244,0.39561695675696346,0.21197654806364596,21419,294291,59089,272872,57589,21404,1495,376279,0.6316644678941503,1.7009506408790251,20,2.5,1.0744300814850634,148,10,10.0,832.9999999999999,99,8.414141414141413,1.920391339097939e-116,44.44444444444445,55.55555555555555,854,146,0.854,0.4444444444444445,19.214999999999996,2.628,7.311643835616437,5.0,0.5,0.005,100.0,1.0,3.5,5.0,2.0,0.8
T0p5_c0p005_ratio_1e2_betaR3p5_betaT5p0__rep02,T0p5_c0p005_ratio_1e2_betaR3p5_betaT5p0,2,1002,500,1000,1500,1000,True,210.32759438149483,628.9941916267157,418.66659724522094,2.3885354279034616,0.41866659724522093,0.22120910265635985,22530,315673,63225,293143,61725,22525,1498,402921,0.6316644678941503,1.7787382534920897,20,2.5,1.123565752415051,160,10,10.0,928.3999999999999,99,9.377777777777776,7.008184673454944e-135,44.44444444444445,55.55555555555555,888,112,0.888,0.4444444444444445,19.979999999999997,2.016,9.910714285714285,5.0,0.5,0.005,100.0,1.0,3.5,5.0,2.0,0.8
T0p5_c0p005_ratio_1e2_betaR3p5_betaT5p0__rep03,T0p5_c0p005_ratio_1e2_betaR3p5_betaT5p0,3,1003,500,1000,1500,1000,True,195.00168201618774,590.5338024966454,395.5321204804577,2.528239675668534,0.3955321204804577,0.1952550235027104,21750,296050,59217,274300,57717,21737,1494,378498,0.6316644678941503,1.7662954166126534,20,2.5,1.1157060544785082,144,10,10.0,881.4,99,8.903030303030302,9.119271543722056e-126,44.44444444444445,55.55555555555555,863,137,0.863,0.4444444444444445,19.417499999999997,2.466,7.874087591240874,5.0,0.5,0.005,100.0,1.0,3.5,5.0,2.0,0.8
T0p5_c0p005_ratio_1e2_betaR3p5_betaT5p0__rep04,T0p5_c0p005_ratio_1e2_betaR3p5_betaT5p0,4,1004,500,1000,1500,1000,True,170.0746119094025,551.2298921300984,381.1552802206959,2.6236026414772,0.3811552802206959,0.19986308949050624,20595,275526,54963,254931,53463,20590,1498,352577,0.6316644678941503,1.6985914849019623,20,2.5,1.0729398864801327,138,10,10.0,821.1999999999999,99,8.294949494949494,3.515899167339858e-114,44.44444444444445,55.55555555555555,852,148,0.852,0.4444444444444445,19.169999999999998,2.664,7.195945945945945,5.0,0.5,0.005,100.0,1.0,3.5,5.0,2.0,0.8
T0p5_c0p005_ratio_1e2_betaR3p5_betaT5p0__rep05,T0p5_c0p005_ratio_1e2_betaR3p5_betaT5p0,5,1005,500,1000,1500,1000,True,184.06824591829698,600.5777412350188,416.5094953167219,2.400905648596512,0.4165094953167219,0.22086509017137246,21630,299905,59872,278275,58372,21620,1495,382892,0.6316644678941503,1.752048568237667,20,2.5,1.1067068265805537,156,10,10.0,933.5999999999999,99,9.43030303030303,6.82034351814743e-136,44.44444444444445,55.55555555555555,871,129,0.871,0.4444444444444445,19.597499999999997,2.322,8.439922480620153,5.0,0.5,0.005,100.0,1.0,3.5,5.0,2.0,0.8
T0p5_c0p005_ratio_1e2_betaR5p0_betaT5p0__rep01,T0p5_c0p005_ratio_1e2_betaR5p0_betaT5p0,1,1001,500,1000,1500,1000,True,419.13279525600683,1276.1649691679265,857.0321739119197,1.1668173382984028,0.8570321739119197,0.49196202445688186,36696,637628,127766,600932,126266,36688,1498,803580,0.6316644678941503,1.8543452998910612,20,2.5,1.1713240371477058,178,10,10.0,1012.2,99,10.224242424242425,2.9159249420774004e-151,44.44444444444445,55.55555555555555,923,77,0.923,0.4444444444444445,20.7675,1.3860000000000001,14.98376623376623,5.0,0.5,0.005,100.0,1.0,5.0,5.0,2.0,0.8
T0p5_c0p005_ratio_1e2_betaR5p0_betaT5p0__rep02,T0p5_c0p005_ratio_1e2_betaR5p0_betaT5p0,2,1002,500,1000,1500,1000,True,437.0188037786636,1312.5841822215766,875.565378442913,1.1421191662219203,0.875565378442913,0.5363252343936438,37308,657992,131225,620684,129725,37294,1499,828010,0.6316644678941503,1.8188652167468948,20,2.5,1.1489125293076057,168,10,10.0,991.6,99,10.016161616161616,3.205281197118346e-147,44.44444444444445,55.55555555555555,907,93,0.907,0.4444444444444445,20.4075,1.6740000000000002,12.190860215053762,5.0,0.5,0.005,100.0,1.0,5.0,5.0,2.0,0.8
T0p5_c0p005_ratio_1e2_betaR5p0_betaT5p0__rep03,T0p5_c0p005_ratio_1e2_betaR5p0_betaT5p0,3,1003,500,1000,1500,1000,True,451.05499330983764,1278.2843954040627,827.2294020942251,1.2088545178258734,0.827229402094225,0.45992176684859487,36053,639224,127321,603171,125821,36048,1498,804091,0.6316644678941503,1.8304032178319685,20,2.5,1.156200674623571,168,10,10.0,996.0,99,10.06060606060606,4.400156304557081e-148,44.44444444444445,55.55555555555555,917,83,0.917,0.4444444444444445,20.632499999999997,1.4940000000000002,13.810240963855417,5.0,0.5,0.005,100.0,1.0,5.0,5.0,2.0,0.8
T0p5_c0p005_ratio_1e2_betaR5p0_betaT5p0__rep04,T0p5_c0p005_ratio_1e2_betaR5p0_betaT5p0,4,1004,500,1000,1500,1000,True,406.88436280730076,1295.2406937391038,888.3563309318031,1.1256744227297768,0.8883563309318031,0.5130046555771344,36970,646824,129383,609854,127883,36962,1498,814667,0.6316644678941503,1.81279219406062,20,2.5,1.1450764166639709,162,10,10.0,944.6,99,9.541414141414142,4.9127871696761796e-138,44.44444444444445,55.55555555555555,912,88,0.912,0.4444444444444445,20.519999999999996,1.584,12.954545454545451,5.0,0.5,0.005,100.0,1.0,5.0,5.0,2.0,0.8
T0p5_c0p005_ratio_1e2_betaR5p0_betaT5p0__rep05,T0p5_c0p005_ratio_1e2_betaR5p0_betaT5p0,5,1005,500,1000,1500,1000,True,435.8643553102431,1299.6712598621548,863.8069045519117,1.1576661343297976,0.8638069045519117,0.4744179650170963,36586,649118,130426,612532,128926,36581,1499,817624,0.6316644678941503,1.7759179912877308,20,2.5,1.1217842929904127,172,10,10.0,933.4,99,9.428282828282828,7.459911498794203e-136,44.44444444444445,55.55555555555555,907,93,0.907,0.4444444444444445,20.4075,1.6740000000000002,12.190860215053762,5.0,0.5,0.005,100.0,1.0,5.0,5.0,2.0,0.8
T0p5_c0p005_ratio_1e2_betaR7p5_betaT5p0__rep01,T0p5_c0p005_ratio_1e2_betaR7p5_betaT5p0,1,1001,500,1000,1500,1000,True,958.8122170959431,2945.6187100837947,1986.8064929878515,0.5033202798205847,1.9868064929878515,1.2787092689984547,73559,1471181,294540,1397622,293040,73554,1499,1840774,0.6316644678941503,1.8314982841685328,20,2.5,1.1568923891183656,175,10,10.0,977.8,99,9.876767676767676,1.614229704107142e-144,44.44444444444445,55.55555555555555,936,64,0.936,0.4444444444444445,21.06,1.1520000000000001,18.281249999999996,5.0,0.5,0.005,100.0,1.0,7.5,5.0,2.0,0.8
T0p5_c0p005_ratio_1e2_betaR7p5_betaT5p0__rep02,T0p5_c0p005_ratio_1e2_betaR7p5_betaT5p0,2,1002,500,1000,1500,1000,True,984.8246822117798,2936.5539852278835,1951.7293030161036,0.5123661352292301,1.9517293030161036,1.2822433502425383,73188,1470807,293357,1397619,291857,73181,1498,1838843,0.6316644678941503,1.8838450521343646,20,2.5,1.1899579824514812,184,10,10.0,995.2,99,10.052525252525253,6.313908517785888e-148,44.44444444444445,55.55555555555555,943,57,0.943,0.4444444444444445,21.217499999999998,1.026,20.679824561403507,5.0,0.5,0.005,100.0,1.0,7.5,5.0,2.0,0.8
T0p5_c0p005_ratio_1e2_betaR7p5_betaT5p0__rep03,T0p5_c0p005_ratio_1e2_betaR7p5_betaT5p0,3,1003,500,1000,1500,1000,True,906.126826788825,2959.8379497724763,2053.7111229836514,0.48692339872376517,2.0537111229836515,1.3481994904331032,73777,1480456,294376,1406679,292876,73772,1499,1850103,0.6316644678941503,1.934257837895105,20,2.5,1.2218019479441011,184,10,10.0,1010.4,99,10.206060606060605,6.580103295096862e-151,44.44444444444445,55.55555555555555,942,58,0.942,0.4444444444444445,21.194999999999997,1.044,20.301724137931032,5.0,0.5,0.005,100.0,1.0,7.5,5.0,2.0,0.8
T0p5_c0p005_ratio_1e2_betaR7p5_betaT5p0__rep04,T0p5_c0p005_ratio_1e2_betaR7p5_betaT5p0,4,1004,500,1000,1500,1000,True,942.956491701508,3005.495400535078,2062.5389088335696,0.4848393384081813,2.0625389088335697,1.4087576688200443,75267,1501909,300132,1426642,298632,75263,1499,1878803,0.6316644678941503,1.9476867585094844,20,2.5,1.2302845199383758,191,10,10.0,1117.2,99,11.284848484848485,5.482310609568812e-172,44.44444444444445,55.55555555555555,961,39,0.961,0.4444444444444445,21.6225,0.7020000000000001,30.801282051282048,5.0,0.5,0.005,100.0,1.0,7.5,5.0,2.0,0.8
T0p5_c0p005_ratio_1e2_betaR7p5_betaT5p0__rep05,T0p5_c0p005_ratio_1e2_betaR7p5_betaT5p0,5,1005,500,1000,1500,1000,True,944.6057648110047,3002.576038165902,2057.9702733548975,0.48591566795073415,2.0579702733548975,1.361689198402246,74757,1502632,300719,1427875,299219,74752,1499,1879602,0.6316644678941503,1.866738272883647,20,2.5,1.179152237838694,189,10,10.0,1008.2,99,10.183838383838385,1.7788714011259974e-150,44.44444444444445,55.55555555555555,943,57,0.943,0.4444444444444445,21.217499999999998,1.026,20.679824561403507,5.0,0.5,0.005,100.0,1.0,7.5,5.0,2.0,0.8
T1e-1_c1e-4_ratio_1e3_betaR2p5_betaT1p2__rep01,T1e-1_c1e-4_ratio_1e3_betaR2p5_betaT1p2,1,1001,500,1000,1500,1000,True,16.29267305699084,39.430636255647016,23.137963198656177,43.219015926954135,0.023137963198656176,0.016194022522599383,16560,19728,3975,3168,2475,16149,1446,41298,0.6316644678941503,0.9220224038943999,20,2.5,0.5824087911424415,21,10,10.0,109.2,99,1.103030303030303,0.22711200754983743,44.44444444444445,55.55555555555555,435,565,0.435,0.4444444444444445,9.7875,10.170000000000002,0.9623893805309732,5.0,0.1,0.0001,1000.0,1.0,2.5,1.2,2.0,0.8
T1e-1_c1e-4_ratio_1e3_betaR2p5_betaT1p2__rep02,T1e-1_c1e-4_ratio_1e3_betaR2p5_betaT1p2,2,1002,500,1000,1500,1000,True,13.975288251187754,37.59376538086305,23.61847712967529,42.339732342165114,0.02361847712967529,0.015157837012594655,16573,18899,3820,2326,2320,16172,1449,40340,0.6316644678941503,1.0337657757915935,20,2.5,0.6529931086925803,36,10,10.0,116.20000000000002,99,1.173737373737374,0.11415567544458315,44.44444444444445,55.55555555555555,408,592,0.408,0.4444444444444445,9.18,10.656,0.8614864864864864,5.0,0.1,0.0001,1000.0,1.0,2.5,1.2,2.0,0.8
T1e-1_c1e-4_ratio_1e3_betaR2p5_betaT1p2__rep03,T1e-1_c1e-4_ratio_1e3_betaR2p5_betaT1p2,3,1003,500,1000,1500,1000,True,16.41621753787776,41.14045978800843,24.72424225013067,40.44613338937475,0.02472424225013067,0.016277397884779887,17062,20419,4151,3357,2651,16634,1449,42653,0.6316644678941503,1.0230427856905022,20,2.5,0.6462197768561404,36,10,10.0,116.00000000000003,99,1.171717171717172,0.11664290879820903,44.44444444444445,55.55555555555555,444,556,0.444,0.4444444444444445,9.989999999999998,10.008000000000001,0.9982014388489207,5.0,0.1,0.0001,1000.0,1.0,2.5,1.2,2.0,0.8
T1e-1_c1e-4_ratio_1e3_betaR2p5_betaT1p2__rep04,T1e-1_c1e-4_ratio_1e3_betaR2p5_betaT1p2,4,1004,500,1000,1500,1000,True,17.405156045150676,41.45223104666173,24.047075001511054,41.5850992246318,0.024047075001511053,0.01630463840038665,17249,20628,4172,3379,2672,16868,1443,43111,0.6316644678941503,0.990177321402358,20,2.5,0.6254598308444755,25,10,10.0,85.79999999999998,99,0.8666666666666665,0.8252099556059151,44.44444444444445,55.55555555555555,411,589,0.411,0.4444444444444445,9.247499999999999,10.602,0.8722410865874362,5.0,0.1,0.0001,1000.0,1.0,2.5,1.2,2.0,0.8
T1e-1_c1e-4_ratio_1e3_betaR2p5_betaT1p2__rep05,T1e-1_c1e-4_ratio_1e3_betaR2p5_betaT1p2,5,1005,500,1000,1500,1000,True,14.227096403384872,37.19858268127534,22.97148627789047,43.5322289512663,0.02297148627789047,0.015336539170810681,15769,18575,3771,2806,2271,15367,1451,39164,0.6316644678941503,1.0072419475240941,20,2.5,0.6362389488234746,29,10,10.0,89.19999999999999,99,0.9010101010101009,0.749545095185139,44.44444444444445,55.55555555555555,444,556,0.444,0.4444444444444445,9.989999999999998,10.008000000000001,0.9982014388489207,5.0,0.1,0.0001,1000.0,1.0,2.5,1.2,2.0,0.8
T1e-1_c1e-4_ratio_1e3_betaR2p5_betaT2p0__rep01,T1e-1_c1e-4_ratio_1e3_betaR2p5_betaT2p0,1,1001,500,1000,1500,1000,True,23.77313553409438,54.7963405338326,31.02320499973822,32.23393585570666,0.031023204999738218,0.02146992809428383,16599,27406,5432,10807,3932,16501,1461,50800,0.6316644678941503,0.9697169056961842,20,2.5,0.6125357132445421,27,10,10.0,125.6,99,1.2686868686868686,0.03673445428448999,44.44444444444445,55.55555555555555,455,545,0.455,0.4444444444444445,10.237499999999999,9.81,1.043577981651376,5.0,0.1,0.0001,1000.0,1.0,2.5,2.0,2.0,0.8
T1e-1_c1e-4_ratio_1e3_betaR2p5_betaT2p0__rep02,T1e-1_c1e-4_ratio_1e3_betaR2p5_betaT2p0,2,1002,500,1000,1500,1000,True,18.12872737790124,49.8590872600389,31.73035988213766,31.515558087412103,0.03173035988213766,0.02142439394120288,14390,25034,4962,10644,3462,14226,1467,45689,0.6316644678941503,0.9707501685419946,20,2.5,0.6131883886702357,31,10,10.0,146.2,99,1.4767676767676767,0.0014456765869143246,44.44444444444445,55.55555555555555,462,538,0.462,0.4444444444444445,10.395,9.684000000000001,1.0734200743494422,5.0,0.1,0.0001,1000.0,1.0,2.5,2.0,2.0,0.8
T1e-1_c1e-4_ratio_1e3_betaR2p5_betaT2p0__rep03,T1e-1_c1e-4_ratio_1e3_betaR2p5_betaT2p0,3,1003,500,1000,1500,1000,True,21.047582301698,55.24295647551341,34.19537417381541,29.243721531368266,0.03419537417381541,0.02378522543960848,16124,27547,5621,11423,4121,16006,1471,50645,0.6316644678941503,0.9972392970289764,20,2.5,0.6299206299209449,35,10,10.0,103.4,99,1.0444444444444445,0.3611425661937828,44.44444444444445,55.55555555555555,451,549,0.451,0.4444444444444445,10.147499999999999,9.882000000000001,1.0268670309653913,5.0,0.1,0.0001,1000.0,1.0,2.5,2.0,2.0,0.8
T1e-1_c1e-4_ratio_1e3_betaR2p5_betaT2p0__rep04,T1e-1_c1e-4_ratio_1e3_betaR2p5_betaT2p0,4,1004,500,1000,1500,1000,True,20.61757475630379,59.830571173216896,39.21299641691311,25.501749199882266,0.03921299641691311,0.02429055823933446,16530,29915,6109,13385,4609,16372,1468,53864,0.6316644678941503,1.0250007641051007,20,2.5,0.6474565622495458,31,10,10.0,133.2,99,1.3454545454545452,0.012467036595540892,44.44444444444445,55.55555555555555,472,528,0.472,0.4444444444444445,10.62,9.504000000000001,1.1174242424242422,5.0,0.1,0.0001,1000.0,1.0,2.5,2.0,2.0,0.8
T1e-1_c1e-4_ratio_1e3_betaR2p5_betaT2p0__rep05,T1e-1_c1e-4_ratio_1e3_betaR2p5_betaT2p0,5,1005,500,1000,1500,1000,True,18.557423927317362,49.37666426163941,30.81924033432205,32.4472631107115,0.03081924033432205,0.02044302818935506,15596,24734,5018,9138,3518,15434,1468,46654,0.6316644678941503,0.980000511482655,20,2.5,0.6190315016216864,31,10,10.0,99.60000000000002,99,1.0060606060606063,0.46417093060112125,44.44444444444445,55.55555555555555,446,554,0.446,0.4444444444444445,10.034999999999998,9.972000000000001,1.0063176895306856,5.0,0.1,0.0001,1000.0,1.0,2.5,2.0,2.0,0.8
T1e-1_c1e-4_ratio_1e3_betaR2p5_betaT3p0__rep01,T1e-1_c1e-4_ratio_1e3_betaR2p5_betaT3p0,1,1001,500,1000,1500,1000,True,69.89458827690412,213.60460607955335,143.71001780264925,6.958457143699312,0.14371001780264925,0.05620371608940644,12976,107201,21474,94225,19974,12955,1494,143124,0.6316644678941503,1.337337346350898,20,2.5,0.844748483277715,73,10,10.0,407.0,99,4.111111111111111,5.833367212592785e-39,44.44444444444445,55.55555555555555,654,346,0.654,0.4444444444444445,14.714999999999998,6.228000000000001,2.3627167630057797,5.0,0.1,0.0001,1000.0,1.0,2.5,3.0,2.0,0.8
T1e-1_c1e-4_ratio_1e3_betaR2p5_betaT3p0__rep02,T1e-1_c1e-4_ratio_1e3_betaR2p5_betaT3p0,2,1002,500,1000,1500,1000,True,110.05441263205259,259.57758395415465,149.52317132210206,6.687926634767564,0.14952317132210205,0.06069283370518974,12518,130032,26043,117514,24543,12507,1496,170078,0.6316644678941503,1.4321759038431252,20,2.5,0.9046546302318914,79,10,10.0,446.6,99,4.511111111111111,1.2909654179159494e-45,44.44444444444445,55.55555555555555,694,306,0.694,0.4444444444444445,15.614999999999998,5.508000000000001,2.834967320261437,5.0,0.1,0.0001,1000.0,1.0,2.5,3.0,2.0,0.8
T1e-1_c1e-4_ratio_1e3_betaR2p5_betaT3p0__rep03,T1e-1_c1e-4_ratio_1e3_betaR2p5_betaT3p0,3,1003,500,1000,1500,1000,True,92.22068990379454,258.458724486011,166.23803458221647,6.015470542064363,0.16623803458221648,0.0615257756521288,12591,128826,26030,116235,24530,12584,1494,168934,0.6316644678941503,1.3699239866953596,20,2.5,0.8653323061113574,77,10,10.0,412.6,99,4.167676767676768,6.853663137565964e-40,44.44444444444445,55.55555555555555,663,337,0.663,0.4444444444444445,14.917499999999999,6.066000000000001,2.4591988130563793,5.0,0.1,0.0001,1000.0,1.0,2.5,3.0,2.0,0.8
T1e-1_c1e-4_ratio_1e3_betaR2p5_betaT3p0__rep04,T1e-1_c1e-4_ratio_1e3_betaR2p5_betaT3p0,4,1004,500,1000,1500,1000,True,53.2154432804537,155.09103005513364,101.87558677467995,9.815894383133399,0.10187558677467995,0.05113541913524955,13010,77381,15517,64371,14017,12968,1480,107346,0.6316644678941503,1.1956479142444452,20,2.5,0.7552483035399682,59,10,10.0,312.2,99,3.1535353535353536,6.435688101331645e-24,44.44444444444445,55.55555555555555,587,413,0.587,0.4444444444444445,13.207499999999998,7.434000000000001,1.7766343825665853,5.0,0.1,0.0001,1000.0,1.0,2.5,3.0,2.0,0.8
T1e-1_c1e-4_ratio_1e3_betaR2p5_betaT3p0__rep05,T1e-1_c1e-4_ratio_1e3_betaR2p5_betaT3p0,5,1005,500,1000,1500,1000,True,88.04724358225494,257.288681678189,169.24143809593406,5.90871840401848,0.16924143809593406,0.05669509141784346,12862,128577,25745,115715,24245,12853,1497,168672,0.6316644678941503,1.3335839363490474,20,2.5,0.8423775875461075,72,10,10.0,371.40000000000003,99,3.751515151515152,3.813771277664784e-33,44.44444444444445,55.55555555555555,654,346,0.654,0.4444444444444445,14.714999999999998,6.228000000000001,2.3627167630057797,5.0,0.1,0.0001,1000.0,1.0,2.5,3.0,2.0,0.8
T1e-1_c1e-4_ratio_1e3_betaR2p5_betaT5p0__rep01,T1e-1_c1e-4_ratio_1e3_betaR2p5_betaT5p0,1,1001,500,1000,1500,1000,True,270.2104289034043,858.2535493956256,588.0431204922213,1.700555563277316,0.5880431204922213,0.16363153177411505,13219,430494,85476,417275,83976,13216,1493,530679,0.6316644678941503,1.6032548347542592,20,2.5,1.012719112093773,118,10,10.0,696.8000000000001,99,7.038383838383839,1.286953901522245e-90,44.44444444444445,55.55555555555555,801,199,0.801,0.4444444444444445,18.022499999999997,3.5820000000000003,5.031407035175878,5.0,0.1,0.0001,1000.0,1.0,2.5,5.0,2.0,0.8
T1e-1_c1e-4_ratio_1e3_betaR2p5_betaT5p0__rep02,T1e-1_c1e-4_ratio_1e3_betaR2p5_betaT5p0,2,1002,500,1000,1500,1000,True,307.5355319398803,945.3439327648979,637.8084008250175,1.567868969280556,0.6378084008250176,0.15184986142963908,13588,474114,94830,460526,93330,13579,1493,584016,0.6316644678941503,1.53684897172909,20,2.5,0.9707728879609278,109,10,10.0,657.5999999999999,99,6.642424242424242,2.548654956148504e-83,44.44444444444445,55.55555555555555,779,221,0.779,0.4444444444444445,17.527499999999996,3.978,4.406108597285066,5.0,0.1,0.0001,1000.0,1.0,2.5,5.0,2.0,0.8
T1e-1_c1e-4_ratio_1e3_betaR2p5_betaT5p0__rep03,T1e-1_c1e-4_ratio_1e3_betaR2p5_betaT5p0,3,1003,500,1000,1500,1000,True,297.2802551794757,905.5321434653108,608.2518882858351,1.6440557263507765,0.6082518882858351,0.14971743985731223,13093,452216,90405,439123,88905,13078,1483,557182,0.6316644678941503,1.6076259368653532,20,2.5,1.0154801819828883,108,10,10.0,640.2,99,6.466666666666667,4.186638760125822e-80,44.44444444444445,55.55555555555555,787,213,0.787,0.4444444444444445,17.7075,3.8340000000000005,4.618544600938966,5.0,0.1,0.0001,1000.0,1.0,2.5,5.0,2.0,0.8
T1e-1_c1e-4_ratio_1e3_betaR2p5_betaT5p0__rep04,T1e-1_c1e-4_ratio_1e3_betaR2p5_betaT5p0,4,1004,500,1000,1500,1000,True,276.34955297183495,783.515143808656,507.1655908368211,1.9717425986057222,0.5071655908368211,0.13313115845730294,12829,391531,78393,378702,76893,12819,1497,484240,0.6316644678941503,1.5652876135979634,20,2.5,0.988736567544662,118,10,10.0,687.8,99,6.947474747474747,6.179758375030167e-89,44.44444444444445,55.55555555555555,764,236,0.764,0.4444444444444445,17.189999999999998,4.248,4.046610169491525,5.0,0.1,0.0001,1000.0,1.0,2.5,5.0,2.0,0.8
T1e-1_c1e-4_ratio_1e3_betaR2p5_betaT5p0__rep05,T1e-1_c1e-4_ratio_1e3_betaR2p5_betaT5p0,5,1005,500,1000,1500,1000,True,300.8246898475069,841.0962289076023,540.2715390600954,1.850921115962705,0.5402715390600954,0.15030572712771573,13154,421512,84748,408358,83248,13134,1485,520879,0.6316644678941503,1.5582266123509108,20,2.5,0.9842763839491425,114,10,10.0,647.2,99,6.537373737373738,2.1382654443852393e-81,44.44444444444445,55.55555555555555,777,223,0.777,0.4444444444444445,17.482499999999998,4.014,4.355381165919281,5.0,0.1,0.0001,1000.0,1.0,2.5,5.0,2.0,0.8
T1e-1_c1e-4_ratio_1e3_betaR3p5_betaT1p2__rep01,T1e-1_c1e-4_ratio_1e3_betaR3p5_betaT1p2,1,1001,500,1000,1500,1000,True,29.07043250207827,67.02631734889843,37.95588484682016,26.3463756420311,0.037955884846820165,0.024570945522615517,14980,33798,6883,18818,5383,14741,1464,56886,0.6316644678941503,1.1247946067030061,20,2.5,0.7104927867332644,38,10,10.0,163.2,99,1.6484848484848484,5.198048584524546e-05,44.44444444444445,55.55555555555555,473,527,0.473,0.4444444444444445,10.642499999999998,9.486,1.1219165085388991,5.0,0.1,0.0001,1000.0,1.0,3.5,1.2,2.0,0.8
T1e-1_c1e-4_ratio_1e3_betaR3p5_betaT1p2__rep02,T1e-1_c1e-4_ratio_1e3_betaR3p5_betaT1p2,2,1002,500,1000,1500,1000,True,34.59995565057505,79.79412978948066,45.194174138905616,22.126745737768562,0.04519417413890561,0.028405195274725514,14303,40092,8162,25789,6662,14127,1475,63856,0.6316644678941503,1.2392899575956764,20,2.5,0.782815431631237,73,10,10.0,304.99999999999994,99,3.0808080808080804,7.675832230523792e-23,44.44444444444445,55.55555555555555,544,456,0.544,0.4444444444444445,12.239999999999998,8.208,1.4912280701754383,5.0,0.1,0.0001,1000.0,1.0,3.5,1.2,2.0,0.8
T1e-1_c1e-4_ratio_1e3_betaR3p5_betaT1p2__rep03,T1e-1_c1e-4_ratio_1e3_betaR3p5_betaT1p2,3,1003,500,1000,1500,1000,True,31.34983573916102,71.84579962568455,40.495963886523526,24.6938189396397,0.040495963886523524,0.0277667595772364,14964,36051,7253,21087,5753,14792,1476,59572,0.6316644678941503,1.1113450046219877,20,2.5,0.7019971509913698,50,10,10.0,172.20000000000002,99,1.7393939393939395,7.3045604052107864e-06,44.44444444444445,55.55555555555555,511,489,0.511,0.4444444444444445,11.497499999999999,8.802000000000001,1.3062372188139055,5.0,0.1,0.0001,1000.0,1.0,3.5,1.2,2.0,0.8
T1e-1_c1e-4_ratio_1e3_betaR3p5_betaT1p2__rep04,T1e-1_c1e-4_ratio_1e3_betaR3p5_betaT1p2,4,1004,500,1000,1500,1000,True,36.56505611258137,88.97305592303776,52.407999810456396,19.081056396288584,0.05240799981045639,0.0346338763543379,16045,44427,8759,28382,7259,15843,1472,70501,0.6316644678941503,1.1256855332638414,20,2.5,0.7110555533852472,59,10,10.0,204.8,99,2.0686868686868687,2.3006960222951327e-09,44.44444444444445,55.55555555555555,481,519,0.481,0.4444444444444445,10.822499999999998,9.342,1.1584778420038533,5.0,0.1,0.0001,1000.0,1.0,3.5,1.2,2.0,0.8
T1e-1_c1e-4_ratio_1e3_betaR3p5_betaT1p2__rep05,T1e-1_c1e-4_ratio_1e3_betaR3p5_betaT1p2,5,1005,500,1000,1500,1000,True,31.278708186812324,80.68326954664424,49.404561359831916,20.241046018334735,0.049404561359831914,0.0317648226884657,14927,40231,7968,25304,6468,14675,1469,64343,0.6316644678941503,1.1573021951622309,20,2.5,0.7310266752998826,52,10,10.0,220.79999999999998,99,2.23030303030303,2.7931141834230492e-11,44.44444444444445,55.55555555555555,532,468,0.532,0.4444444444444445,11.969999999999999,8.424000000000001,1.4209401709401706,5.0,0.1,0.0001,1000.0,1.0,3.5,1.2,2.0,0.8
T1e-1_c1e-4_ratio_1e3_betaR3p5_betaT2p0__rep01,T1e-1_c1e-4_ratio_1e3_betaR3p5_betaT2p0,1,1001,500,1000,1500,1000,True,135.4426864993107,535.3525293038181,399.9098428045074,2.50056360950546,0.39990984280450736,0.18602809073303206,13584,268885,53818,255301,52318,13574,1498,337775,0.6316644678941503,1.6974106773314452,20,2.5,1.0721940122944167,136,10,10.0,824.8,99,8.33131313131313,7.1810856357414415e-115,44.44444444444445,55.55555555555555,838,162,0.838,0.4444444444444445,18.854999999999997,2.9160000000000004,6.466049382716047,5.0,0.1,0.0001,1000.0,1.0,3.5,2.0,2.0,0.8
T1e-1_c1e-4_ratio_1e3_betaR3p5_betaT2p0__rep02,T1e-1_c1e-4_ratio_1e3_betaR3p5_betaT2p0,2,1002,500,1000,1500,1000,True,202.57356507225896,588.4584420293859,385.88487695712695,2.591446464254942,0.3858848769571269,0.16025271186089185,13113,296344,59397,283231,57897,13092,1492,370325,0.6316644678941503,1.6784047802947568,20,2.5,1.0601886624558858,133,10,10.0,749.4000000000001,99,7.56969696969697,1.642937341888442e-100,44.44444444444445,55.55555555555555,800,200,0.8,0.4444444444444445,17.999999999999996,3.6000000000000005,4.999999999999998,5.0,0.1,0.0001,1000.0,1.0,3.5,2.0,2.0,0.8
T1e-1_c1e-4_ratio_1e3_betaR3p5_betaT2p0__rep03,T1e-1_c1e-4_ratio_1e3_betaR3p5_betaT2p0,3,1003,500,1000,1500,1000,True,161.2449892864537,511.6282021946685,350.38321290821483,2.85401800988096,0.35038321290821484,0.14628294557107324,12568,255311,51240,242743,49740,12560,1494,320605,0.6316644678941503,1.6181923142552577,20,2.5,1.022154587134451,124,10,10.0,780.6,99,7.884848484848485,1.9826311458040346e-106,44.44444444444445,55.55555555555555,799,201,0.799,0.4444444444444445,17.9775,3.6180000000000003,4.968905472636815,5.0,0.1,0.0001,1000.0,1.0,3.5,2.0,2.0,0.8
T1e-1_c1e-4_ratio_1e3_betaR3p5_betaT2p0__rep04,T1e-1_c1e-4_ratio_1e3_betaR3p5_betaT2p0,4,1004,500,1000,1500,1000,True,133.01713884637792,449.5284129013132,316.51127405493526,3.159445119248533,0.31651127405493523,0.12415526270619637,13082,224049,45044,210967,43544,13051,1495,283639,0.6316644678941503,1.59384782121537,20,2.5,1.0067770358922574,126,10,10.0,687.2,99,6.941414141414142,7.997221284910575e-89,44.44444444444445,55.55555555555555,803,197,0.803,0.4444444444444445,18.0675,3.5460000000000003,5.095177664974619,5.0,0.1,0.0001,1000.0,1.0,3.5,2.0,2.0,0.8
T1e-1_c1e-4_ratio_1e3_betaR3p5_betaT2p0__rep05,T1e-1_c1e-4_ratio_1e3_betaR3p5_betaT2p0,5,1005,500,1000,1500,1000,True,185.1816028805726,578.4323837758775,393.2507808953049,2.5429065842496823,0.3932507808953049,0.17290318179101405,13449,289926,57767,276477,56267,13433,1495,362621,0.6316644678941503,1.6249927703714246,20,2.5,1.026450193628507,126,10,10.0,758.2,99,7.658585858585859,3.5471624970188156e-102,44.44444444444445,55.55555555555555,803,197,0.803,0.4444444444444445,18.0675,3.5460000000000003,5.095177664974619,5.0,0.1,0.0001,1000.0,1.0,3.5,2.0,2.0,0.8
T1e-1_c1e-4_ratio_1e3_betaR3p5_betaT3p0__rep01,T1e-1_c1e-4_ratio_1e3_betaR3p5_betaT3p0,1,1001,500,1000,1500,1000,True,388.35362196761565,1188.0464052468365,799.6927832792207,1.2504802105371007,0.7996927832792208,0.2769288665321028,15141,595098,119133,579957,117633,15135,1496,730862,0.6316644678941503,1.6991815809714927,20,2.5,1.0733126291998991,141,10,10.0,845.8,99,8.543434343434344,6.671828656771823e-119,44.44444444444445,55.55555555555555,852,148,0.852,0.4444444444444445,19.169999999999998,2.664,7.195945945945945,5.0,0.1,0.0001,1000.0,1.0,3.5,3.0,2.0,0.8
T1e-1_c1e-4_ratio_1e3_betaR3p5_betaT3p0__rep02,T1e-1_c1e-4_ratio_1e3_betaR3p5_betaT3p0,2,1002,500,1000,1500,1000,True,426.85800564419077,1200.9397976210541,774.0817919768633,1.2918531482909357,0.7740817919768633,0.25500923265582287,14080,601472,120567,587392,119067,14079,1498,737616,0.6316644678941503,1.750331153773386,20,2.5,1.1056219968868202,149,10,10.0,867.8,99,8.765656565656565,3.8588718395449345e-123,44.44444444444445,55.55555555555555,852,148,0.852,0.4444444444444445,19.169999999999998,2.664,7.195945945945945,5.0,0.1,0.0001,1000.0,1.0,3.5,3.0,2.0,0.8
T1e-1_c1e-4_ratio_1e3_betaR3p5_betaT3p0__rep03,T1e-1_c1e-4_ratio_1e3_betaR3p5_betaT3p0,3,1003,500,1000,1500,1000,True,439.9130558988903,1099.2015141350253,659.2884582361349,1.5167867532148327,0.6592884582361349,0.21806879339715124,14315,549057,109683,534742,108183,14312,1498,674550,0.6316644678941503,1.73826174229078,20,2.5,1.0979981785048643,146,10,10.0,850.4,99,8.58989898989899,8.695816317605582e-120,44.44444444444445,55.55555555555555,857,143,0.857,0.4444444444444445,19.2825,2.5740000000000003,7.49125874125874,5.0,0.1,0.0001,1000.0,1.0,3.5,3.0,2.0,0.8
T1e-1_c1e-4_ratio_1e3_betaR3p5_betaT3p0__rep04,T1e-1_c1e-4_ratio_1e3_betaR3p5_betaT3p0,4,1004,500,1000,1500,1000,True,365.82535734882407,1172.0473658414473,806.2220084926232,1.2403531402841255,0.8062220084926233,0.2981081579651743,14508,585812,117263,571304,115763,14503,1497,719075,0.6316644678941503,1.795008394923158,20,2.5,1.1338430226446694,158,10,10.0,968.4,99,9.781818181818181,1.1120948547280228e-142,44.44444444444445,55.55555555555555,871,129,0.871,0.4444444444444445,19.597499999999997,2.322,8.439922480620153,5.0,0.1,0.0001,1000.0,1.0,3.5,3.0,2.0,0.8
T1e-1_c1e-4_ratio_1e3_betaR3p5_betaT3p0__rep05,T1e-1_c1e-4_ratio_1e3_betaR3p5_betaT3p0,5,1005,500,1000,1500,1000,True,397.3441031689495,1219.8090647464298,822.4649615774804,1.2158572665296392,0.8224649615774804,0.28419364887790266,14760,610274,122593,595514,121093,14757,1499,749123,0.6316644678941503,1.7787382534920897,20,2.5,1.123565752415051,146,10,10.0,928.4,99,9.377777777777778,7.008184673454942e-135,44.44444444444445,55.55555555555555,865,135,0.865,0.4444444444444445,19.4625,2.43,8.009259259259258,5.0,0.1,0.0001,1000.0,1.0,3.5,3.0,2.0,0.8
T1e-1_c1e-4_ratio_1e3_betaR3p5_betaT5p0__rep01,T1e-1_c1e-4_ratio_1e3_betaR3p5_betaT5p0,1,1001,500,1000,1500,1000,True,886.8519205379326,2709.0177604145288,1822.1658398765962,0.5487974684388353,1.8221658398765963,0.7826504882102654,20510,1353779,270869,1333269,269369,20509,1499,1646656,0.6316644678941503,1.8500152407419361,20,2.5,1.1685888926393235,160,10,10.0,1028.2,99,10.385858585858585,2.08955893825227e-154,44.44444444444445,55.55555555555555,885,115,0.885,0.4444444444444445,19.912499999999998,2.0700000000000003,9.619565217391303,5.0,0.1,0.0001,1000.0,1.0,3.5,5.0,2.0,0.8
T1e-1_c1e-4_ratio_1e3_betaR3p5_betaT5p0__rep02,T1e-1_c1e-4_ratio_1e3_betaR3p5_betaT5p0,2,1002,500,1000,1500,1000,True,933.7338097093354,2604.6825414087484,1670.948731699413,0.5984624070320609,1.670948731699413,0.699042637500952,20213,1304355,260141,1284142,258641,20203,1498,1586197,0.6316644678941503,1.8050333413564748,20,2.5,1.1401754250991378,159,10,10.0,913.6000000000001,99,9.228282828282829,5.2688811772881335e-132,44.44444444444445,55.55555555555555,877,123,0.877,0.4444444444444445,19.732499999999998,2.2140000000000004,8.912601626016258,5.0,0.1,0.0001,1000.0,1.0,3.5,5.0,2.0,0.8
T1e-1_c1e-4_ratio_1e3_betaR3p5_betaT5p0__rep03,T1e-1_c1e-4_ratio_1e3_betaR3p5_betaT5p0,3,1003,500,1000,1500,1000,True,880.0526037557635,2566.728137783297,1686.6755340275336,0.5928822585172305,1.6866755340275335,0.6816984269416935,19653,1281760,256215,1262107,254715,19652,1499,1559126,0.6316644678941503,1.8592045621743787,20,2.5,1.1743934604722557,162,10,10.0,1015.6,99,10.258585858585858,6.265501110515057e-152,44.44444444444445,55.55555555555555,905,95,0.905,0.4444444444444445,20.362499999999997,1.7100000000000002,11.907894736842103,5.0,0.1,0.0001,1000.0,1.0,3.5,5.0,2.0,0.8
T1e-1_c1e-4_ratio_1e3_betaR3p5_betaT5p0__rep04,T1e-1_c1e-4_ratio_1e3_betaR3p5_betaT5p0,4,1004,500,1000,1500,1000,True,865.4653718580471,2761.3537026416307,1895.8883307835836,0.5274572261261259,1.8958883307835837,0.8202578687552204,20900,1380092,275918,1359192,274418,20899,1499,1678408,0.6316644678941503,1.815555177212678,20,2.5,1.146821694946516,155,10,10.0,941.1999999999999,99,9.507070707070707,2.258682076141689e-137,44.44444444444445,55.55555555555555,896,104,0.896,0.4444444444444445,20.159999999999997,1.872,10.769230769230766,5.0,0.1,0.0001,1000.0,1.0,3.5,5.0,2.0,0.8
T1e-1_c1e-4_ratio_1e3_betaR3p5_betaT5p0__rep05,T1e-1_c1e-4_ratio_1e3_betaR3p5_betaT5p0,5,1005,500,1000,1500,1000,True,846.8031920514984,2505.9929376794635,1659.189745627965,0.6027038213290807,1.6591897456279652,0.7047008761373945,19585,1252942,251171,1233357,249671,19576,1499,1525188,0.6316644678941503,1.7491852740081644,20,2.5,1.1048981853546507,155,10,10.0,888.0,99,8.969696969696969,4.825337941347394e-127,44.44444444444445,55.55555555555555,866,134,0.866,0.4444444444444445,19.484999999999996,2.4120000000000004,8.07835820895522,5.0,0.1,0.0001,1000.0,1.0,3.5,5.0,2.0,0.8
T1e-1_c1e-4_ratio_1e3_betaR5p0_betaT1p2__rep01,T1e-1_c1e-4_ratio_1e3_betaR5p0_betaT1p2,1,1001,500,1000,1500,1000,True,261.1074680494942,790.8593911260225,529.7519230765283,1.8876760167145996,0.5297519230765283,0.2767750687685009,13952,395673,79268,381721,77768,13939,1498,490378,0.6316644678941503,1.8886284158703854,20,2.5,1.192979463360539,160,10,10.0,1071.1999999999998,99,10.820202020202018,6.980365682529639e-163,44.44444444444445,55.55555555555555,870,130,0.87,0.4444444444444445,19.575,2.3400000000000003,8.365384615384613,5.0,0.1,0.0001,1000.0,1.0,5.0,1.2,2.0,0.8
T1e-1_c1e-4_ratio_1e3_betaR5p0_betaT1p2__rep02,T1e-1_c1e-4_ratio_1e3_betaR5p0_betaT1p2,2,1002,500,1000,1500,1000,True,287.039456911838,877.4429560408395,590.4034991290015,1.6937568992650953,0.5904034991290015,0.29510642493397654,13916,440297,88112,426381,86612,13901,1496,543806,0.6316644678941503,1.8396905046453342,20,2.5,1.162067123706716,165,10,10.0,975.2,99,9.85050505050505,5.207059613677126e-144,44.44444444444445,55.55555555555555,888,112,0.888,0.4444444444444445,19.979999999999997,2.016,9.910714285714285,5.0,0.1,0.0001,1000.0,1.0,5.0,1.2,2.0,0.8
T1e-1_c1e-4_ratio_1e3_betaR5p0_betaT1p2__rep03,T1e-1_c1e-4_ratio_1e3_betaR5p0_betaT1p2,3,1003,500,1000,1500,1000,True,282.60552622096685,804.3943431551558,521.7888169341888,1.9164841551713938,0.5217888169341889,0.24918738614309177,13495,401593,80175,388098,78675,13485,1498,496751,0.6316644678941503,1.9097428608287073,20,2.5,1.2063167080000177,169,10,10.0,1098.8000000000002,99,11.0989898989899,2.428658806449476e-168,44.44444444444445,55.55555555555555,888,112,0.888,0.4444444444444445,19.979999999999997,2.016,9.910714285714285,5.0,0.1,0.0001,1000.0,1.0,5.0,1.2,2.0,0.8
T1e-1_c1e-4_ratio_1e3_betaR5p0_betaT1p2__rep04,T1e-1_c1e-4_ratio_1e3_betaR5p0_betaT1p2,4,1004,500,1000,1500,1000,True,232.18305264884864,777.309312608136,545.1262599592874,1.8344374018501415,0.5451262599592874,0.2734130420141696,13907,388130,77747,374223,76247,13885,1493,481255,0.6316644678941503,1.9768078873676362,20,2.5,1.2486793023030374,174,10,10.0,1136.6,99,11.48080808080808,7.730846606028768e-176,44.44444444444445,55.55555555555555,909,91,0.909,0.4444444444444445,20.452499999999997,1.6380000000000001,12.486263736263734,5.0,0.1,0.0001,1000.0,1.0,5.0,1.2,2.0,0.8
T1e-1_c1e-4_ratio_1e3_betaR5p0_betaT1p2__rep05,T1e-1_c1e-4_ratio_1e3_betaR5p0_betaT1p2,5,1005,500,1000,1500,1000,True,290.99280938802195,856.1626894752615,565.1698800872396,1.769379500276342,0.5651698800872396,0.26633620250507306,14065,428965,86094,414900,84594,14050,1496,530605,0.6316644678941503,1.796683103788366,20,2.5,1.1349008767288886,151,10,10.0,911.2,99,9.204040404040404,1.5402865364972306e-131,44.44444444444445,55.55555555555555,843,157,0.843,0.4444444444444445,18.967499999999998,2.826,6.7117834394904445,5.0,0.1,0.0001,1000.0,1.0,5.0,1.2,2.0,0.8
T1e-1_c1e-4_ratio_1e3_betaR5p0_betaT2p0__rep01,T1e-1_c1e-4_ratio_1e3_betaR5p0_betaT2p0,1,1001,500,1000,1500,1000,True,660.4296335590992,2089.508060343936,1429.0784267848367,0.6997516590113363,1.4290784267848367,0.5767209384376883,18227,1044465,209052,1026238,207552,18215,1498,1273230,0.6316644678941503,1.8435010823434583,20,2.5,1.1644741302407708,160,10,10.0,916.8000000000001,99,9.260606060606062,1.2598420513176443e-132,44.44444444444445,55.55555555555555,897,103,0.897,0.4444444444444445,20.182499999999997,1.854,10.885922330097085,5.0,0.1,0.0001,1000.0,1.0,5.0,2.0,2.0,0.8
T1e-1_c1e-4_ratio_1e3_betaR5p0_betaT2p0__rep02,T1e-1_c1e-4_ratio_1e3_betaR5p0_betaT2p0,2,1002,500,1000,1500,1000,True,718.0419241679544,2085.097051475501,1367.0551273075464,0.7314993960554672,1.3670551273075464,0.6013660377604992,18158,1044319,208101,1026161,206601,18149,1498,1272067,0.6316644678941503,1.9123657749350298,20,2.5,1.20797350964332,186,10,10.0,1056.8000000000002,99,10.674747474747477,4.856395738750071e-160,44.44444444444445,55.55555555555555,925,75,0.925,0.4444444444444445,20.812499999999996,1.35,15.416666666666663,5.0,0.1,0.0001,1000.0,1.0,5.0,2.0,2.0,0.8
T1e-1_c1e-4_ratio_1e3_betaR5p0_betaT2p0__rep03,T1e-1_c1e-4_ratio_1e3_betaR5p0_betaT2p0,3,1003,500,1000,1500,1000,True,635.1287459407,1894.813964326569,1259.6852183858691,0.7938491183387675,1.259685218385869,0.5906259965853451,17324,946326,189233,929002,187733,17309,1495,1154363,0.6316644678941503,1.8358720176425445,20,2.5,1.159655121145938,172,10,10.0,1055.1999999999998,99,10.658585858585857,1.0043887465518988e-159,44.44444444444445,55.55555555555555,902,98,0.902,0.4444444444444445,20.294999999999998,1.7640000000000002,11.505102040816324,5.0,0.1,0.0001,1000.0,1.0,5.0,2.0,2.0,0.8
T1e-1_c1e-4_ratio_1e3_betaR5p0_betaT2p0__rep04,T1e-1_c1e-4_ratio_1e3_betaR5p0_betaT2p0,4,1004,500,1000,1500,1000,True,677.1965230118685,2065.055664423048,1387.8591414111793,0.7205342171707693,1.3878591414111794,0.5949654488274518,18414,1031057,206496,1012643,204996,18402,1497,1257452,0.6316644678941503,1.8602826745074743,20,2.5,1.1750744657254706,171,10,10.0,1032.0,99,10.424242424242424,3.73620835789778e-155,44.44444444444445,55.55555555555555,892,108,0.892,0.4444444444444445,20.069999999999997,1.9440000000000002,10.32407407407407,5.0,0.1,0.0001,1000.0,1.0,5.0,2.0,2.0,0.8
T1e-1_c1e-4_ratio_1e3_betaR5p0_betaT2p0__rep05,T1e-1_c1e-4_ratio_1e3_betaR5p0_betaT2p0,5,1005,500,1000,1500,1000,True,736.4232802173515,2017.357403206242,1280.9341229888905,0.780680272352049,1.2809341229888904,0.5930508420019578,18128,1008516,201969,990388,200469,18117,1498,1230100,0.6316644678941503,1.8532637335698912,20,2.5,1.1706408501329517,166,10,10.0,1011.5999999999999,99,10.218181818181817,3.824745213848669e-151,44.44444444444445,55.55555555555555,902,98,0.902,0.4444444444444445,20.294999999999998,1.7640000000000002,11.505102040816324,5.0,0.1,0.0001,1000.0,1.0,5.0,2.0,2.0,0.8
T1e-1_c1e-4_ratio_1e3_betaR5p0_betaT3p0__rep01,T1e-1_c1e-4_ratio_1e3_betaR5p0_betaT3p0,1,1001,500,1000,1500,1000,True,1042.0255059710594,3236.2319440437527,2194.2064380726933,0.4557456320647576,2.1942064380726936,0.9722426452040054,22526,1617277,323220,1594751,321720,22519,1499,1964515,0.6316644678941503,1.868348687221581,20,2.5,1.1801694793545543,180,10,10.0,1041.6,99,10.52121212121212,4.8132258262932654e-157,44.44444444444445,55.55555555555555,916,84,0.916,0.4444444444444445,20.609999999999996,1.5120000000000002,13.630952380952376,5.0,0.1,0.0001,1000.0,1.0,5.0,3.0,2.0,0.8
T1e-1_c1e-4_ratio_1e3_betaR5p0_betaT3p0__rep02,T1e-1_c1e-4_ratio_1e3_betaR5p0_betaT3p0,2,1002,500,1000,1500,1000,True,1098.54994110832,3447.4894429770698,2348.93950186875,0.42572403384779733,2.3489395018687502,1.2254956957358445,23643,1725755,345015,1702112,343515,23639,1499,2095908,0.6316644678941503,1.9081673817808098,20,2.5,1.2053215338655492,185,10,10.0,1092.4,99,11.034343434343436,4.490675562324487e-167,44.44444444444445,55.55555555555555,939,61,0.939,0.4444444444444445,21.127499999999998,1.098,19.241803278688522,5.0,0.1,0.0001,1000.0,1.0,5.0,3.0,2.0,0.8
T1e-1_c1e-4_ratio_1e3_betaR5p0_betaT3p0__rep03,T1e-1_c1e-4_ratio_1e3_betaR5p0_betaT3p0,3,1003,500,1000,1500,1000,True,1168.1719977577086,3609.977120323096,2441.8051225653876,0.4095330912195765,2.4418051225653876,1.3789040329795625,24730,1805193,360216,1780463,358716,24728,1499,2191636,0.6316644678941503,1.8960452179923553,20,2.5,1.1976643937263893,190,10,10.0,1074.2,99,10.85050505050505,1.7832965482433548e-163,44.44444444444445,55.55555555555555,946,54,0.946,0.4444444444444445,21.284999999999997,0.9720000000000001,21.89814814814814,5.0,0.1,0.0001,1000.0,1.0,5.0,3.0,2.0,0.8
T1e-1_c1e-4_ratio_1e3_betaR5p0_betaT3p0__rep04,T1e-1_c1e-4_ratio_1e3_betaR5p0_betaT3p0,4,1004,500,1000,1500,1000,True,1120.3365902553667,3658.5964524396795,2538.2598621843126,0.3939706942138875,2.5382598621843124,1.3198903731649807,24915,1828688,365530,1803773,364030,24912,1499,2220629,0.6316644678941503,1.9029063643750173,20,2.5,1.2019983361053375,183,10,10.0,1082.0,99,10.929292929292929,5.12340018386029e-165,44.44444444444445,55.55555555555555,938,62,0.938,0.4444444444444445,21.104999999999997,1.116,18.91129032258064,5.0,0.1,0.0001,1000.0,1.0,5.0,3.0,2.0,0.8
T1e-1_c1e-4_ratio_1e3_betaR5p0_betaT3p0__rep05,T1e-1_c1e-4_ratio_1e3_betaR5p0_betaT3p0,5,1005,500,1000,1500,1000,True,1237.5579788863008,3406.4156398146533,2168.8576609283527,0.46107221235162216,2.1688576609283525,1.2042721185275695,23517,1704272,340837,1680755,339337,23512,1498,2070119,0.6316644678941503,1.8532637335698912,20,2.5,1.1706408501329517,182,10,10.0,1011.8,99,10.22020202020202,3.4940405371263284e-151,44.44444444444445,55.55555555555555,922,78,0.922,0.4444444444444445,20.744999999999997,1.4040000000000001,14.775641025641022,5.0,0.1,0.0001,1000.0,1.0,5.0,3.0,2.0,0.8
T1e-1_c1e-4_ratio_1e3_betaR5p0_betaT5p0__rep01,T1e-1_c1e-4_ratio_1e3_betaR5p0_betaT5p0,1,1001,500,1000,1500,1000,True,2025.8542551383887,6319.6503679316465,4293.796112793258,0.23289415094035906,4.293796112793258,2.342876932643094,36414,3159686,631401,3123272,629901,36413,1499,3828999,0.6316644678941503,1.925947346880852,20,2.5,1.2165525060596438,186,10,10.0,1070.8000000000002,99,10.816161616161619,8.373101966251489e-163,44.44444444444445,55.55555555555555,926,74,0.926,0.4444444444444445,20.834999999999997,1.332,15.64189189189189,5.0,0.1,0.0001,1000.0,1.0,5.0,5.0,2.0,0.8
T1e-1_c1e-4_ratio_1e3_betaR5p0_betaT5p0__rep02,T1e-1_c1e-4_ratio_1e3_betaR5p0_betaT5p0,2,1002,500,1000,1500,1000,True,2084.6569473136924,6180.861207472374,4096.204260158682,0.24412845075290782,4.096204260158681,2.5740656936350206,35374,3093123,618054,3057749,616554,35373,1499,3748049,0.6316644678941503,1.9233429544157616,20,2.5,1.214907403878995,177,10,10.0,1031.3999999999999,99,10.418181818181816,4.903383535981126e-155,44.44444444444445,55.55555555555555,922,78,0.922,0.4444444444444445,20.744999999999997,1.4040000000000001,14.775641025641022,5.0,0.1,0.0001,1000.0,1.0,5.0,5.0,2.0,0.8
T1e-1_c1e-4_ratio_1e3_betaR5p0_betaT5p0__rep03,T1e-1_c1e-4_ratio_1e3_betaR5p0_betaT5p0,3,1003,500,1000,1500,1000,True,2137.7678636001397,6141.417688421819,4003.649824821679,0.24977209390297755,4.003649824821679,2.271817081089921,35408,3072098,613472,3036690,611972,35407,1499,3722476,0.6316644678941503,1.8597436964650138,20,2.5,1.174734012447073,182,10,10.0,1019.4,99,10.296969696969697,1.1227682971444242e-152,44.44444444444445,55.55555555555555,925,75,0.925,0.4444444444444445,20.812499999999996,1.35,15.416666666666663,5.0,0.1,0.0001,1000.0,1.0,5.0,5.0,2.0,0.8
T1e-1_c1e-4_ratio_1e3_betaR5p0_betaT5p0__rep04,T1e-1_c1e-4_ratio_1e3_betaR5p0_betaT5p0,4,1004,500,1000,1500,1000,True,2092.7337656925206,6268.150357507624,4175.416591815103,0.2394970604754167,4.175416591815103,2.6104211092647347,35686,3133384,626531,3097698,625031,35683,1499,3797097,0.6316644678941503,1.8478464061853546,20,2.5,1.16721891691319,181,10,10.0,1022.4,99,10.327272727272726,2.888094011307511e-153,44.44444444444445,55.55555555555555,928,72,0.928,0.4444444444444445,20.88,1.296,16.11111111111111,5.0,0.1,0.0001,1000.0,1.0,5.0,5.0,2.0,0.8
T1e-1_c1e-4_ratio_1e3_betaR5p0_betaT5p0__rep05,T1e-1_c1e-4_ratio_1e3_betaR5p0_betaT5p0,5,1005,500,1000,1500,1000,True,2079.23891477224,6063.50462816815,3984.2657133959096,0.25098727643535346,3.9842657133959096,2.491167029997996,34799,3032673,606863,2997874,605363,34798,1499,3675833,0.6316644678941503,1.8380549815737885,20,2.5,1.1610340218959994,177,10,10.0,1050.0,99,10.606060606060606,1.0647026338257083e-158,44.44444444444445,55.55555555555555,926,74,0.926,0.4444444444444445,20.834999999999997,1.332,15.64189189189189,5.0,0.1,0.0001,1000.0,1.0,5.0,5.0,2.0,0.8
T1e-1_c1e-4_ratio_1e3_betaR7p5_betaT1p2__rep01,T1e-1_c1e-4_ratio_1e3_betaR7p5_betaT1p2,1,1001,500,1000,1500,1000,True,1064.0767817756164,2870.390306350669,1806.3135245750527,0.5536137477768466,1.8063135245750528,0.9065557780850213,21427,1434806,287847,1413379,286347,21418,1498,1745569,0.6316644678941503,1.9176008402313918,20,2.5,1.2112803143781377,188,10,10.0,1090.2,99,11.012121212121212,1.2236528581369663e-166,44.44444444444445,55.55555555555555,933,67,0.933,0.4444444444444445,20.992499999999996,1.2060000000000002,17.40671641791044,5.0,0.1,0.0001,1000.0,1.0,7.5,1.2,2.0,0.8
T1e-1_c1e-4_ratio_1e3_betaR7p5_betaT1p2__rep02,T1e-1_c1e-4_ratio_1e3_betaR7p5_betaT1p2,2,1002,500,1000,1500,1000,True,973.5581652927183,2933.2638533997897,1959.7056881070714,0.5102807049388752,1.9597056881070714,1.049259073789358,21675,1468156,292840,1446481,291340,21667,1498,1784161,0.6316644678941503,1.9584659742847403,20,2.5,1.2370933675353692,191,10,10.0,1161.0,99,11.727272727272727,1.0873732594995179e-180,44.44444444444445,55.55555555555555,945,55,0.945,0.4444444444444445,21.262499999999996,0.9900000000000001,21.47727272727272,5.0,0.1,0.0001,1000.0,1.0,7.5,1.2,2.0,0.8
T1e-1_c1e-4_ratio_1e3_betaR7p5_betaT1p2__rep03,T1e-1_c1e-4_ratio_1e3_betaR7p5_betaT1p2,3,1003,500,1000,1500,1000,True,1028.2090146203864,3084.545194643075,2056.3361800226885,0.4863018069297242,2.0563361800226887,1.1267879152040905,22346,1541593,308188,1519247,306688,22340,1499,1873620,0.6316644678941503,2.075758157836447,20,2.5,1.311182672246701,192,10,10.0,1188.6,99,12.006060606060606,3.444055550202595e-186,44.44444444444445,55.55555555555555,951,49,0.951,0.4444444444444445,21.397499999999997,0.8820000000000001,24.260204081632647,5.0,0.1,0.0001,1000.0,1.0,7.5,1.2,2.0,0.8
T1e-1_c1e-4_ratio_1e3_betaR7p5_betaT1p2__rep04,T1e-1_c1e-4_ratio_1e3_betaR7p5_betaT1p2,4,1004,500,1000,1500,1000,True,909.2945654822245,2862.1913882961676,1952.8968228139431,0.5120598222691012,1.9528968228139432,1.0088707704866238,21162,1429181,286193,1408019,284693,21157,1499,1738030,0.6316644678941503,1.9092178455993143,20,2.5,1.2059850745345069,193,10,10.0,1078.6,99,10.894949494949493,2.408247746965805e-164,44.44444444444445,55.55555555555555,956,44,0.956,0.4444444444444445,21.509999999999998,0.792,27.159090909090907,5.0,0.1,0.0001,1000.0,1.0,7.5,1.2,2.0,0.8
T1e-1_c1e-4_ratio_1e3_betaR7p5_betaT1p2__rep05,T1e-1_c1e-4_ratio_1e3_betaR7p5_betaT1p2,5,1005,500,1000,1500,1000,True,1058.1726288142418,3079.4942444484227,2021.321615634181,0.4947258230780134,2.021321615634181,1.0858516068392419,22691,1541062,307936,1518371,306436,22687,1499,1873184,0.6316644678941503,1.9939758899304825,20,2.5,1.259523719506703,189,10,10.0,1152.0,99,11.636363636363637,6.715750551484066e-179,44.44444444444445,55.55555555555555,940,60,0.94,0.4444444444444445,21.15,1.08,19.583333333333332,5.0,0.1,0.0001,1000.0,1.0,7.5,1.2,2.0,0.8
T1e-1_c1e-4_ratio_1e3_betaR7p5_betaT2p0__rep01,T1e-1_c1e-4_ratio_1e3_betaR7p5_betaT2p0,1,1001,500,1000,1500,1000,True,1866.4419604336426,5476.504746348339,3610.062785914696,0.2770034925435863,3.610062785914696,2.1514227175043743,32476,2737915,547470,2705439,545970,32473,1499,3319357,0.6316644678941503,1.9415003370839892,20,2.5,1.2263767773404715,189,10,10.0,1129.0,99,11.404040404040405,2.4974849617483164e-174,44.44444444444445,55.55555555555555,944,56,0.944,0.4444444444444445,21.24,1.008,21.07142857142857,5.0,0.1,0.0001,1000.0,1.0,7.5,2.0,2.0,0.8
T1e-1_c1e-4_ratio_1e3_betaR7p5_betaT2p0__rep02,T1e-1_c1e-4_ratio_1e3_betaR7p5_betaT2p0,2,1002,500,1000,1500,1000,True,1941.3375196633751,5639.266338085017,3697.928818421642,0.2704216465764266,3.697928818421642,2.1544211049072146,33358,2822257,564040,2788899,562540,33356,1498,3421151,0.6316644678941503,1.9071163393536257,20,2.5,1.2046576277100478,185,10,10.0,1049.4,99,10.600000000000001,1.397984093756071e-158,44.44444444444445,55.55555555555555,938,62,0.938,0.4444444444444445,21.104999999999997,1.116,18.91129032258064,5.0,0.1,0.0001,1000.0,1.0,7.5,2.0,2.0,0.8
T1e-1_c1e-4_ratio_1e3_betaR7p5_betaT2p0__rep03,T1e-1_c1e-4_ratio_1e3_betaR7p5_betaT2p0,3,1003,500,1000,1500,1000,True,1734.6158698916631,5386.249973450699,3651.634103559036,0.2738500002027471,3.6516341035590356,2.0114346024998895,32392,2693878,537948,2661486,536448,32381,1499,3265706,0.6316644678941503,1.8737067386215724,20,2.5,1.1835539700410793,191,10,10.0,1076.8,99,10.876767676767676,5.463327342022346e-164,44.44444444444445,55.55555555555555,947,53,0.947,0.4444444444444445,21.307499999999997,0.9540000000000001,22.334905660377355,5.0,0.1,0.0001,1000.0,1.0,7.5,2.0,2.0,0.8
T1e-1_c1e-4_ratio_1e3_betaR7p5_betaT2p0__rep04,T1e-1_c1e-4_ratio_1e3_betaR7p5_betaT2p0,4,1004,500,1000,1500,1000,True,1717.2296922156456,5406.964396076229,3689.734703860583,0.27102219543147543,3.689734703860583,2.1744462783697145,31692,2702984,540190,2671292,538690,31689,1499,3276362,0.6316644678941503,1.9651091917087828,20,2.5,1.2412896519346321,193,10,10.0,1135.6,99,11.47070707070707,1.2214335409161013e-175,44.44444444444445,55.55555555555555,953,47,0.953,0.4444444444444445,21.4425,0.8460000000000001,25.34574468085106,5.0,0.1,0.0001,1000.0,1.0,7.5,2.0,2.0,0.8
T1e-1_c1e-4_ratio_1e3_betaR7p5_betaT2p0__rep05,T1e-1_c1e-4_ratio_1e3_betaR7p5_betaT2p0,5,1005,500,1000,1500,1000,True,2044.1328005171833,5581.312237933583,3537.179437416399,0.28271113119735103,3.537179437416399,1.9556755039297968,33053,2790188,558922,2757135,557422,33051,1499,3383660,0.6316644678941503,1.9134139338380272,20,2.5,1.2086355943790503,194,10,10.0,1114.6,99,11.258585858585858,1.7970733437475962e-171,44.44444444444445,55.55555555555555,938,62,0.938,0.4444444444444445,21.104999999999997,1.116,18.91129032258064,5.0,0.1,0.0001,1000.0,1.0,7.5,2.0,2.0,0.8
T1e-1_c1e-4_ratio_1e3_betaR7p5_betaT3p0__rep01,T1e-1_c1e-4_ratio_1e3_betaR7p5_betaT3p0,1,1001,500,1000,1500,1000,True,2605.349214213861,8684.735728708332,6079.386514494471,0.16449028164532725,6.079386514494471,3.8422558518709593,46843,4344182,867913,4297339,866413,46839,1499,5260433,0.6316644678941503,1.8753111688330217,20,2.5,1.1845674315968677,187,10,10.0,1068.4,99,10.791919191919193,2.493871523578349e-162,44.44444444444445,55.55555555555555,952,48,0.952,0.4444444444444445,21.419999999999998,0.8640000000000001,24.79166666666666,5.0,0.1,0.0001,1000.0,1.0,7.5,3.0,2.0,0.8
T1e-1_c1e-4_ratio_1e3_betaR7p5_betaT3p0__rep02,T1e-1_c1e-4_ratio_1e3_betaR7p5_betaT3p0,2,1002,500,1000,1500,1000,True,2738.0003428201303,8562.186884215645,5824.186541395515,0.17169779726189766,5.824186541395514,3.9189165750099164,45833,4283731,856138,4237898,854638,45831,1499,5187199,0.6316644678941503,1.9102677317636771,20,2.5,1.2066482503198686,188,10,10.0,1021.8,99,10.32121212121212,3.78932247510997e-153,44.44444444444445,55.55555555555555,945,55,0.945,0.4444444444444445,21.262499999999996,0.9900000000000001,21.47727272727272,5.0,0.1,0.0001,1000.0,1.0,7.5,3.0,2.0,0.8
T1e-1_c1e-4_ratio_1e3_betaR7p5_betaT3p0__rep03,T1e-1_c1e-4_ratio_1e3_betaR7p5_betaT3p0,3,1003,500,1000,1500,1000,True,2948.3209672861935,8615.361804228727,5667.040836942533,0.17645893664311715,5.667040836942533,3.6939772222481224,46656,4311065,860336,4264409,858836,46653,1499,5219553,0.6316644678941503,1.9102677317636771,20,2.5,1.2066482503198686,189,10,10.0,1079.0,99,10.8989898989899,2.007411099267546e-164,44.44444444444445,55.55555555555555,954,46,0.954,0.4444444444444445,21.464999999999996,0.8280000000000001,25.923913043478255,5.0,0.1,0.0001,1000.0,1.0,7.5,3.0,2.0,0.8
T1e-1_c1e-4_ratio_1e3_betaR7p5_betaT3p0__rep04,T1e-1_c1e-4_ratio_1e3_betaR7p5_betaT3p0,4,1004,500,1000,1500,1000,True,2918.6644187538977,9073.056754235186,6154.392335481288,0.1624855786711553,6.154392335481288,4.077130818298201,48126,4535233,906811,4487107,905311,48125,1499,5491668,0.6316644678941503,1.8429571964834603,20,2.5,1.16413057686842,186,10,10.0,992.5999999999999,99,10.026262626262625,2.0412805565464298e-147,44.44444444444445,55.55555555555555,937,63,0.937,0.4444444444444445,21.082499999999996,1.1340000000000001,18.591269841269835,5.0,0.1,0.0001,1000.0,1.0,7.5,3.0,2.0,0.8
T1e-1_c1e-4_ratio_1e3_betaR7p5_betaT3p0__rep05,T1e-1_c1e-4_ratio_1e3_betaR7p5_betaT3p0,5,1005,500,1000,1500,1000,True,2832.0236902724578,8649.685028499323,5817.661338226866,0.17189037688205905,5.817661338226866,3.669705084987072,46488,4324317,865815,4277829,864315,46486,1499,5238117,0.6316644678941503,1.944596007937179,20,2.5,1.228332202622727,195,10,10.0,1050.1999999999998,99,10.608080808080807,9.723042239359638e-159,44.44444444444445,55.55555555555555,955,45,0.955,0.4444444444444445,21.487499999999997,0.81,26.52777777777777,5.0,0.1,0.0001,1000.0,1.0,7.5,3.0,2.0,0.8
T1e-1_c1e-4_ratio_1e3_betaR7p5_betaT5p0__rep01,T1e-1_c1e-4_ratio_1e3_betaR7p5_betaT5p0,1,1001,500,1000,1500,1000,True,5027.081111063476,15331.021419238345,10303.940308174868,0.09705025166019518,10.303940308174868,6.706934372207797,76315,7667393,1532077,7591078,1530577,76311,1499,9277280,0.6316644678941503,1.8891591531060612,20,2.5,1.1933147112141038,188,10,10.0,1059.6,99,10.703030303030301,1.3611935697869388e-160,44.44444444444445,55.55555555555555,929,71,0.929,0.4444444444444445,20.902499999999996,1.278,16.355633802816897,5.0,0.1,0.0001,1000.0,1.0,7.5,5.0,2.0,0.8
T1e-1_c1e-4_ratio_1e3_betaR7p5_betaT5p0__rep02,T1e-1_c1e-4_ratio_1e3_betaR7p5_betaT5p0,2,1002,500,1000,1500,1000,True,4917.060459885734,14634.502386200093,9717.441926314357,0.10290774131534029,9.717441926314358,5.857948886374743,72473,7321728,1464555,7249255,1463055,72471,1499,8860253,0.6316644678941503,1.8662011592851648,20,2.5,1.1788129622633101,186,10,10.0,1012.0,99,10.222222222222221,3.1919240533158204e-151,44.44444444444445,55.55555555555555,955,45,0.955,0.4444444444444445,21.487499999999997,0.81,26.52777777777777,5.0,0.1,0.0001,1000.0,1.0,7.5,5.0,2.0,0.8
T1e-1_c1e-4_ratio_1e3_betaR7p5_betaT5p0__rep03,T1e-1_c1e-4_ratio_1e3_betaR7p5_betaT5p0,3,1003,500,1000,1500,1000,True,4965.064315649069,15072.009445018277,10106.945129369207,0.098941864945339,10.106945129369207,6.859060674911689,75318,7537942,1505941,7462624,1504441,75315,1498,9120696,0.6316644678941503,1.8726363547932185,20,2.5,1.1828778466096996,192,10,10.0,1047.6,99,10.58181818181818,3.1643373002537645e-158,44.44444444444445,55.55555555555555,960,40,0.96,0.4444444444444445,21.599999999999998,0.7200000000000001,29.999999999999993,5.0,0.1,0.0001,1000.0,1.0,7.5,5.0,2.0,0.8
T1e-1_c1e-4_ratio_1e3_betaR7p5_betaT5p0__rep04,T1e-1_c1e-4_ratio_1e3_betaR7p5_betaT5p0,4,1004,500,1000,1500,1000,True,5140.977376428614,15552.608626828332,10411.631250399718,0.09604642884001569,10.411631250399719,6.837756424736654,76730,7774590,1555095,7697860,1553595,76727,1499,9407911,0.6316644678941503,1.8753111688330217,20,2.5,1.1845674315968677,190,10,10.0,1041.0,99,10.515151515151516,6.318492085487172e-157,44.44444444444445,55.55555555555555,942,58,0.942,0.4444444444444445,21.194999999999997,1.044,20.301724137931032,5.0,0.1,0.0001,1000.0,1.0,7.5,5.0,2.0,0.8
T1e-1_c1e-4_ratio_1e3_betaR7p5_betaT5p0__rep05,T1e-1_c1e-4_ratio_1e3_betaR7p5_betaT5p0,5,1005,500,1000,1500,1000,True,4787.6003919715295,15095.631880199684,10308.031488228155,0.09701173314633421,10.308031488228155,7.36775338964253,74865,7550985,1510783,7476120,1509283,74861,1499,9138128,0.6316644678941503,1.934776058356619,20,2.5,1.2221292893961753,190,10,10.0,1111.1999999999998,99,11.224242424242423,8.484816890956513e-171,44.44444444444445,55.55555555555555,963,37,0.963,0.4444444444444445,21.667499999999997,0.666,32.533783783783775,5.0,0.1,0.0001,1000.0,1.0,7.5,5.0,2.0,0.8
