scenario,base_scenario,replicate,seed,burn_in_deaths,analyzed_target_deaths,total_deaths_simulated,n_observed_deaths_analyzed,stopped_by_target,burn_in_time,raw_final_time,total_time_for_analyzed_1000_deaths_after_burnin,observed_death_rate_after_burnin,mean_inter_death_time_after_burnin,median_inter_death_time_after_burnin,accepted_activations_total,activation_candidates,activation_rejected,activation_acceptance_rate,death_candidates,death_rejected,death_rejected_outside_active,death_rejected_by_erk,death_rejection_rate,death_rejection_rate_outside_active,death_rejection_rate_by_erk,death_acceptance_rate_total,all_proposals,n_blocks,spatial_expected_cv_if_uniform_plot_bins,spatial_cv_ratio_to_uniform_plot_bins,spatial_bins_per_axis_for_plot,spatial_expected_count_per_plot_bin_if_uniform,spatial_coefficient_of_variation_plot_bins,spatial_empty_bins_plot_bins,spatial_bins_per_axis_for_chi2_test,spatial_expected_count_per_chi2_bin_if_uniform,spatial_chi2_statistic_against_uniform_counts_chi2_bins,spatial_chi2_df_chi2_bins,spatial_chi2_per_df_chi2_bins,spatial_chi2_p_value_chi2_bins,t_zone_area,outside_t_zone_area,t_zone_observed_deaths,outside_t_zone_observed_deaths,t_zone_observed_fraction,t_zone_area_fraction,t_zone_death_density,outside_t_zone_death_density,t_zone_density_ratio,lambda_a_1,lambda_a_T,lambda_a_c,lambda_a_T_over_lambda_a_c,lambda_d,beta_a_R,beta_a_T,beta_d_R,beta_d_T
baseline__rep01,baseline,1,1001,500,1000,1500,1000,True,12.110011881665597,38.93804299278812,26.82803111112252,37.27444611413971,0.02682803111112252,0.017920182098446702,18046,19563,1489,0.9224556560854674,4051,2544,229,2315,0.6279930881263885,0.05652925203653419,0.5714638360898544,0.37027894347074797,23614,39,0.6316644678941503,0.9509262072469516,20,2.5,0.6006662967072482,23,10,10.0,122.0,99,1.2323232323232323,0.05828902809330877,44.44444444444445,55.55555555555555,445,555,0.445,0.4444444444444445,10.0125,9.99,1.0022522522522521,5.0,0.5,0.05,10.0,1.0,2.5,1.2,2.0,0.8
baseline__rep02,baseline,2,1002,500,1000,1500,1000,True,13.482415353726756,39.82520174538234,26.34278639165558,37.96105640201991,0.02634278639165558,0.016962246804267167,18091,20014,1830,0.9039172579194564,4027,2507,239,2268,0.6225478023342439,0.05934939160665508,0.5631984107275888,0.3724857213806804,24041,40,0.6316644678941503,1.0220623898872587,20,2.5,0.6456004956627589,37,10,10.0,114.2,99,1.1535353535353536,0.14091136447051877,44.44444444444445,55.55555555555555,417,583,0.417,0.4444444444444445,9.382499999999999,10.494000000000002,0.8940823327615778,5.0,0.5,0.05,10.0,1.0,2.5,1.2,2.0,0.8
baseline__rep03,baseline,3,1003,500,1000,1500,1000,True,11.881009049645002,38.47998814814075,26.598979098495747,37.595427865746665,0.026598979098495748,0.017312811823490648,17958,19638,1415,0.9144515734799877,3797,2252,181,2071,0.5930998156439294,0.0476692125362128,0.5454306031077166,0.39504872267579666,23435,39,0.6316644678941503,0.9830646164419969,20,2.5,0.6209669878504009,31,10,10.0,110.0,99,1.1111111111111112,0.21142023448786226,44.44444444444445,55.55555555555555,435,565,0.435,0.4444444444444445,9.7875,10.170000000000002,0.9623893805309732,5.0,0.5,0.05,10.0,1.0,2.5,1.2,2.0,0.8
baseline__rep04,baseline,4,1004,500,1000,1500,1000,True,13.728859206769549,39.161061684804295,25.432202478034746,39.32022800084573,0.025432202478034745,0.018511117061841276,17624,19771,1756,0.8914066056345152,3979,2391,266,2125,0.6009047499371701,0.06685096757979392,0.5340537823573762,0.3769791404875597,23750,40,0.6316644678941503,0.9655727973942043,20,2.5,0.6099180272790763,27,10,10.0,85.4,99,0.8626262626262626,0.8331595265231515,44.44444444444445,55.55555555555555,442,558,0.442,0.4444444444444445,9.944999999999999,10.044,0.9901433691756271,5.0,0.5,0.05,10.0,1.0,2.5,1.2,2.0,0.8
baseline__rep05,baseline,5,1005,500,1000,1500,1000,True,15.6772243035271,41.62781978032415,25.950595476797055,38.53476121170784,0.025950595476797057,0.017553063487216747,18386,20900,2367,0.8797129186602871,4169,2626,373,2253,0.6298872631326458,0.08946989685775965,0.540417366274886,0.3597985128328136,25069,42,0.6316644678941503,0.9830646164419969,20,2.5,0.6209669878504009,30,10,10.0,107.20000000000002,99,1.082828282828283,0.2694500579254855,44.44444444444445,55.55555555555555,437,563,0.437,0.4444444444444445,9.8325,10.134,0.9702486678507992,5.0,0.5,0.05,10.0,1.0,2.5,1.2,2.0,0.8
higher_death_rate__rep01,higher_death_rate,1,1001,500,1000,1500,1000,True,10.55873243462815,28.726519936893293,18.167787502265142,55.04247558351951,0.01816778750226514,0.012399411954592487,13005,14443,1294,0.9004361974659004,4405,2865,272,2593,0.6503972758229285,0.061748013620885354,0.5886492622020432,0.340522133938706,18848,29,0.6316644678941503,0.9509262072469516,20,2.5,0.6006662967072482,31,10,10.0,91.4,99,0.9232323232323233,0.693877970930794,44.44444444444445,55.55555555555555,465,535,0.465,0.4444444444444445,10.462499999999999,9.63,1.086448598130841,5.0,0.5,0.05,10.0,1.5,2.5,1.2,2.0,0.8
higher_death_rate__rep02,higher_death_rate,2,1002,500,1000,1500,1000,True,11.472696176315072,31.854520555256123,20.38182437894105,49.06332138909125,0.020381824378941052,0.014508504690805779,14411,15993,1526,0.9010817232539235,4774,3250,307,2943,0.6807708420611647,0.06430666108085463,0.61646418098031,0.31420192710515293,20767,32,0.6316644678941503,1.0032528548311321,20,2.5,0.6337191807101943,33,10,10.0,106.2,99,1.0727272727272728,0.29222410895358775,44.44444444444445,55.55555555555555,458,542,0.458,0.4444444444444445,10.304999999999998,9.756,1.0562730627306272,5.0,0.5,0.05,10.0,1.5,2.5,1.2,2.0,0.8
higher_death_rate__rep03,higher_death_rate,3,1003,500,1000,1500,1000,True,10.501760230758704,31.207074463292788,20.705314232534086,48.296779694785236,0.020705314232534085,0.012871063132267935,14209,16050,1455,0.8852959501557632,4796,3173,299,2874,0.6615929941618015,0.06234361968306922,0.5992493744787323,0.3127606338615513,20846,32,0.6316644678941503,1.0042516135203097,20,2.5,0.6343500610861483,33,10,10.0,91.8,99,0.9272727272727272,0.6832999302108027,44.44444444444445,55.55555555555555,437,563,0.437,0.4444444444444445,9.8325,10.134,0.9702486678507992,5.0,0.5,0.05,10.0,1.5,2.5,1.2,2.0,0.8
higher_death_rate__rep04,higher_death_rate,4,1004,500,1000,1500,1000,True,10.74298128290305,33.28266004447505,22.539678761572,44.36620461977943,0.022539678761572,0.016111446756006842,14765,16974,1814,0.8698597855543773,5140,3534,409,3125,0.6875486381322957,0.07957198443579766,0.607976653696498,0.2918287937743191,22114,34,0.6316644678941503,1.0577320040923424,20,2.5,0.6681317235396026,38,10,10.0,151.8,99,1.5333333333333334,0.0005129342852530613,44.44444444444445,55.55555555555555,462,538,0.462,0.4444444444444445,10.395,9.684000000000001,1.0734200743494422,5.0,0.5,0.05,10.0,1.5,2.5,1.2,2.0,0.8
higher_death_rate__rep05,higher_death_rate,5,1005,500,1000,1500,1000,True,12.009941134363022,30.560020965989537,18.550079831626515,53.90812379659272,0.018550079831626515,0.012141876898011716,13527,15446,1707,0.8757607147481549,4700,3140,386,2754,0.6680851063829787,0.08212765957446809,0.5859574468085106,0.3191489361702128,20146,31,0.6316644678941503,1.0210810527527807,20,2.5,0.644980619863884,31,10,10.0,108.0,99,1.0909090909090908,0.2519903142686336,44.44444444444445,55.55555555555555,451,549,0.451,0.4444444444444445,10.147499999999999,9.882000000000001,1.0268670309653913,5.0,0.5,0.05,10.0,1.5,2.5,1.2,2.0,0.8
larger_ERK_radius__rep01,larger_ERK_radius,1,1001,500,1000,1500,1000,True,25.32647720643974,76.78450701355757,51.45802980711783,19.433313007675178,0.05145802980711783,0.032195250474892134,36057,38668,2495,0.9324764663287473,7880,6357,217,6140,0.8067258883248731,0.027538071065989846,0.7791878172588832,0.19035532994923857,46548,77,0.6316644678941503,1.0949874399893067,20,2.5,0.6916646586316233,38,10,10.0,160.8,99,1.6242424242424243,8.578271905373443e-05,44.44444444444445,55.55555555555555,379,621,0.379,0.4444444444444445,8.527499999999998,11.178,0.7628824476650561,5.0,0.5,0.05,10.0,1.0,2.5,1.2,1.0,0.8
larger_ERK_radius__rep02,larger_ERK_radius,2,1002,500,1000,1500,1000,True,26.627893989707633,80.07175437183594,53.44386038212831,18.711223194767594,0.053443860382128304,0.029262418274850432,37035,40531,2997,0.9137450346648245,8063,6466,247,6219,0.8019347637355823,0.030633759146719584,0.7713010045888627,0.18603497457522014,48594,81,0.6316644678941503,1.0501223225084668,20,2.5,0.6633249580710799,36,10,10.0,146.8,99,1.482828282828283,0.0012975978511932857,44.44444444444445,55.55555555555555,401,599,0.401,0.4444444444444445,9.022499999999999,10.782000000000002,0.836811352253756,5.0,0.5,0.05,10.0,1.0,2.5,1.2,1.0,0.8
larger_ERK_radius__rep03,larger_ERK_radius,3,1003,500,1000,1500,1000,True,26.096062780097835,81.13261995154367,55.036557171445835,18.169741193746432,0.05503655717144584,0.03384366600160149,38151,41010,2445,0.9302852962692026,8082,6516,186,6330,0.8062360801781737,0.02301410541945063,0.7832219747587231,0.1855976243504083,49092,82,0.6316644678941503,1.0755892480758817,20,2.5,0.6794115100585211,35,10,10.0,137.39999999999998,99,1.3878787878787877,0.00647179991384452,44.44444444444445,55.55555555555555,393,607,0.393,0.4444444444444445,8.8425,10.926000000000002,0.8093080724876439,5.0,0.5,0.05,10.0,1.0,2.5,1.2,1.0,0.8
larger_ERK_radius__rep04,larger_ERK_radius,4,1004,500,1000,1500,1000,True,28.1453021764352,77.7792206957254,49.6339185192902,20.147512625088236,0.0496339185192902,0.03166615612364154,35985,38850,2754,0.9262548262548262,7820,6293,242,6051,0.8047314578005115,0.030946291560102302,0.7737851662404092,0.1918158567774936,46670,78,0.6316644678941503,1.0472544364368153,20,2.5,0.6615134163416492,35,10,10.0,138.79999999999998,99,1.402020202020202,0.00515567089444902,44.44444444444445,55.55555555555555,421,579,0.421,0.4444444444444445,9.472499999999998,10.422,0.9088946459412779,5.0,0.5,0.05,10.0,1.0,2.5,1.2,1.0,0.8
larger_ERK_radius__rep05,larger_ERK_radius,5,1005,500,1000,1500,1000,True,25.832176862628042,78.13809246828355,52.3059156056555,19.118296437810113,0.0523059156056555,0.031970229457900956,35716,39370,3201,0.9071882143764287,7884,6286,315,5971,0.7973110096397767,0.03995433789954338,0.7573566717402334,0.1902587519025875,47254,79,0.6316644678941503,0.9962335082737976,20,2.5,0.629285308902091,28,10,10.0,154.8,99,1.5636363636363637,0.0002872517842199907,44.44444444444445,55.55555555555555,402,598,0.402,0.4444444444444445,9.044999999999998,10.764000000000001,0.8403010033444813,5.0,0.5,0.05,10.0,1.0,2.5,1.2,1.0,0.8
shorter_ERK_duration__rep01,shorter_ERK_duration,1,1001,500,1000,1500,1000,True,9.93847655743162,26.504852338040507,16.566375780608887,60.36323292693326,0.016566375780608888,0.011548231509515894,11998,13484,1225,0.8897953129635123,2783,1227,227,1000,0.4408911246855911,0.08156665468918434,0.35932446999640677,0.5389867049946101,16267,27,0.6316644678941503,0.9022389305052726,20,2.5,0.5699122739510003,24,10,10.0,87.80000000000001,99,0.886868686868687,0.7823791332006034,44.44444444444445,55.55555555555555,439,561,0.439,0.4444444444444445,9.8775,10.098,0.9781639928698751,5.0,0.5,0.05,10.0,1.0,2.5,1.2,2.0,2.0
shorter_ERK_duration__rep02,shorter_ERK_duration,2,1002,500,1000,1500,1000,True,10.206377009796745,26.693137644387214,16.486760634590468,60.654729098324175,0.016486760634590467,0.010795090796834828,11969,13515,1398,0.8856085830558639,2730,1199,224,975,0.4391941391941392,0.08205128205128205,0.35714285714285715,0.5494505494505495,16245,27,0.6316644678941503,0.9403246919632544,20,2.5,0.5939696961966999,29,10,10.0,73.0,99,0.7373737373737373,0.9767823614239072,44.44444444444445,55.55555555555555,434,566,0.434,0.4444444444444445,9.764999999999999,10.188,0.9584805653710246,5.0,0.5,0.05,10.0,1.0,2.5,1.2,2.0,2.0
shorter_ERK_duration__rep03,shorter_ERK_duration,3,1003,500,1000,1500,1000,True,8.64587799722234,27.18895757615119,18.543079578928847,53.92847481150516,0.018543079578928846,0.012696320265504824,12503,14048,1158,0.8900199316628702,2705,1112,185,927,0.411090573012939,0.06839186691312385,0.3426987060998152,0.5545286506469501,16753,28,0.6316644678941503,0.9624530063715755,20,2.5,0.6079473661428265,29,10,10.0,81.4,99,0.8222222222222223,0.900698343237555,44.44444444444445,55.55555555555555,441,559,0.441,0.4444444444444445,9.9225,10.062000000000001,0.9861359570661895,5.0,0.5,0.05,10.0,1.0,2.5,1.2,2.0,2.0
shorter_ERK_duration__rep04,shorter_ERK_duration,4,1004,500,1000,1500,1000,True,10.303643604020584,26.64622555247823,16.34258194845765,61.18984155342579,0.016342581948457648,0.011616041318468717,11650,13314,1501,0.8750187772269791,2706,1174,251,923,0.43385070214338506,0.09275683665927568,0.34109386548410936,0.5543237250554324,16020,27,0.6316644678941503,1.031824429898487,20,2.5,0.6517668294720129,36,10,10.0,78.60000000000002,99,0.7939393939393942,0.935124107684703,44.44444444444445,55.55555555555555,439,561,0.439,0.4444444444444445,9.8775,10.098,0.9781639928698751,5.0,0.5,0.05,10.0,1.0,2.5,1.2,2.0,2.0
shorter_ERK_duration__rep05,shorter_ERK_duration,5,1005,500,1000,1500,1000,True,11.547907363488356,27.707571979321173,16.159664615832817,61.88247242583402,0.016159664615832816,0.010655129606186975,11565,13725,2005,0.8426229508196721,2746,1212,376,836,0.44136926438455937,0.1369264384559359,0.30444282592862343,0.5462490895848507,16471,28,0.6316644678941503,1.002253100865988,20,2.5,0.6330876716537766,38,10,10.0,103.6,99,1.0464646464646463,0.3559901466360152,44.44444444444445,55.55555555555555,463,537,0.463,0.4444444444444445,10.417499999999999,9.666,1.0777467411545623,5.0,0.5,0.05,10.0,1.0,2.5,1.2,2.0,2.0
stronger_T_zone_activation__rep01,stronger_T_zone_activation,1,1001,500,1000,1500,1000,True,12.087102855874218,38.88240935910081,26.795306503226595,37.31996869972671,0.026795306503226594,0.017920182098446702,18116,19563,1386,0.9260338393906865,4051,2538,225,2313,0.6265119723525056,0.055541841520612194,0.5709701308318934,0.37027894347074797,23614,39,0.6316644678941503,0.9572307594394586,20,2.5,0.604648658313239,23,10,10.0,123.0,99,1.2424242424242424,0.051444916997488765,44.44444444444445,55.55555555555555,448,552,0.448,0.4444444444444445,10.079999999999998,9.936000000000002,1.014492753623188,5.0,1.0,0.05,20.0,1.0,2.5,1.2,2.0,0.8
stronger_T_zone_activation__rep02,stronger_T_zone_activation,2,1002,500,1000,1500,1000,True,13.471693811598843,39.61675987751521,26.145066065916364,38.248134369935116,0.026145066065916364,0.016919854209572094,18084,20014,1721,0.9035675027480764,4027,2486,232,2254,0.6173330022349143,0.05761112490687857,0.5597218773280358,0.3724857213806804,24041,40,0.6316644678941503,1.0191155436102768,20,2.5,0.6437390775772432,36,10,10.0,114.2,99,1.1535353535353536,0.14091136447051877,44.44444444444445,55.55555555555555,419,581,0.419,0.4444444444444445,9.427499999999998,10.458,0.9014629948364886,5.0,1.0,0.05,20.0,1.0,2.5,1.2,2.0,0.8
stronger_T_zone_activation__rep03,stronger_T_zone_activation,3,1003,500,1000,1500,1000,True,11.64250786147558,37.6693533033947,26.02684544191912,38.421867230570676,0.026026845441919123,0.017119005116686736,17764,19141,1208,0.9280601849433154,3704,2175,162,2013,0.5872030237580994,0.04373650107991361,0.5434665226781857,0.40496760259179265,22845,38,0.6316644678941503,0.9676470700262186,20,2.5,0.611228271597445,32,10,10.0,102.6,99,1.0363636363636364,0.382064542659265,44.44444444444445,55.55555555555555,437,563,0.437,0.4444444444444445,9.8325,10.134,0.9702486678507992,5.0,1.0,0.05,20.0,1.0,2.5,1.2,2.0,0.8
stronger_T_zone_activation__rep04,stronger_T_zone_activation,4,1004,500,1000,1500,1000,True,13.421969288369183,38.41864706307138,24.9966777747022,40.00531626694994,0.0249966777747022,0.01819935761798952,17552,19293,1451,0.9097600165863267,3875,2320,231,2089,0.5987096774193549,0.05961290322580645,0.5390967741935484,0.3870967741935484,23168,39,0.6316644678941503,0.9717823327554576,20,2.5,0.6138403701289122,26,10,10.0,91.0,99,0.9191919191919192,0.7043271839237982,44.44444444444445,55.55555555555555,439,561,0.439,0.4444444444444445,9.8775,10.098,0.9781639928698751,5.0,1.0,0.05,20.0,1.0,2.5,1.2,2.0,0.8
stronger_T_zone_activation__rep05,stronger_T_zone_activation,5,1005,500,1000,1500,1000,True,15.615542347768923,41.59243946878666,25.976897121017736,38.49574471274734,0.025976897121017736,0.017641527298344784,18565,20900,2171,0.8882775119617224,4169,2619,352,2267,0.6282082034060926,0.08443271767810026,0.5437754857279923,0.3597985128328136,25069,42,0.6316644678941503,0.9871352947927471,20,2.5,0.6235382907247958,31,10,10.0,109.4,99,1.105050505050505,0.2231214826169492,44.44444444444445,55.55555555555555,436,564,0.436,0.4444444444444445,9.809999999999999,10.152000000000001,0.9663120567375885,5.0,1.0,0.05,20.0,1.0,2.5,1.2,2.0,0.8
strong_visible_T_zone__rep01,strong_visible_T_zone,1,1001,500,1000,1500,1000,True,77.76897586877112,235.26258824062876,157.49361237185764,6.349463860406626,0.15749361237185763,0.10642985339676159,26855,118049,90801,0.22749027946022415,23590,22003,19556,2447,0.9327257312420517,0.8289953370072064,0.10373039423484527,0.0635862653666808,141639,236,0.6316644678941503,1.8320455718795887,20,2.5,1.1572380913191547,167,10,10.0,970.8,99,9.806060606060605,3.775777752456749e-143,44.44444444444445,55.55555555555555,896,104,0.896,0.4444444444444445,20.159999999999997,1.872,10.769230769230766,5.0,2.0,0.005,400.0,1.0,5.0,3.0,2.0,0.8
strong_visible_T_zone__rep02,strong_visible_T_zone,2,1002,500,1000,1500,1000,True,86.68162880308148,263.72000677031053,177.03837796722905,5.64849278152055,0.17703837796722904,0.1158889280883102,30014,131709,101572,0.22788116225922297,26263,24739,21663,3076,0.9419715950196094,0.8248486463846476,0.11712294863496173,0.057114571831093176,157972,264,0.6316644678941503,1.794449811310777,20,2.5,1.1334901852243804,177,10,10.0,938.4,99,9.478787878787879,7.929767036696473e-137,44.44444444444445,55.55555555555555,901,99,0.901,0.4444444444444445,20.272499999999997,1.7820000000000003,11.376262626262623,5.0,2.0,0.005,400.0,1.0,5.0,3.0,2.0,0.8
strong_visible_T_zone__rep03,strong_visible_T_zone,3,1003,500,1000,1500,1000,True,89.00563405358021,245.06282306908423,156.05718901550404,6.407907295450847,0.15605718901550403,0.10172115976807561,28295,122860,94093,0.23030278365619405,24577,22978,20317,2661,0.9349391707694186,0.826667209179314,0.10827196159010458,0.061032672824185216,147437,246,0.6316644678941503,1.803922209615998,20,2.5,1.1394735626595291,167,10,10.0,967.8,99,9.775757575757575,1.4568189805771672e-142,44.44444444444445,55.55555555555555,895,105,0.895,0.4444444444444445,20.137499999999996,1.8900000000000001,10.654761904761902,5.0,2.0,0.005,400.0,1.0,5.0,3.0,2.0,0.8
strong_visible_T_zone__rep04,strong_visible_T_zone,4,1004,500,1000,1500,1000,True,82.48438689465138,244.51182007081707,162.0274331761657,6.1717943708504075,0.1620274331761657,0.10607473130709622,28117,122427,94074,0.22966339124539523,24441,22884,20042,2842,0.9362955689210752,0.82001554764535,0.11628002127572522,0.06137228427642077,146868,245,0.6316644678941503,1.7214553497849598,20,2.5,1.087382177525455,162,10,10.0,902.2,99,9.113131313131314,8.5775294228627e-130,44.44444444444445,55.55555555555555,898,102,0.898,0.4444444444444445,20.205,1.836,11.004901960784313,5.0,2.0,0.005,400.0,1.0,5.0,3.0,2.0,0.8
strong_visible_T_zone__rep05,strong_visible_T_zone,5,1005,500,1000,1500,1000,True,82.95578543793543,245.27202635732064,162.31624091938522,6.160812955843726,0.16231624091938524,0.10308077746302047,28245,122635,94022,0.23031760916540955,24499,22922,20342,2580,0.9356300257153353,0.8303196048818319,0.10531042083350341,0.06122698885668803,147134,246,0.6316644678941503,1.8111323809299895,20,2.5,1.1440279716860073,170,10,10.0,940.8000000000001,99,9.503030303030304,2.702598514920399e-137,44.44444444444445,55.55555555555555,905,95,0.905,0.4444444444444445,20.362499999999997,1.7100000000000002,11.907894736842103,5.0,2.0,0.005,400.0,1.0,5.0,3.0,2.0,0.8
T0p5_c0p005_ratio_1e2__rep01,T0p5_c0p005_ratio_1e2,1,1001,500,1000,1500,1000,True,12.120785878229777,38.948842657751044,26.82805677952127,37.27441045090275,0.02682805677952127,0.017920182098446702,18011,19563,1532,0.920666564432858,4051,2546,231,2315,0.6284867933843495,0.057022957294495184,0.5714638360898544,0.37027894347074797,23614,39,0.6316644678941503,0.9498713802919552,20,2.5,0.6,23,10,10.0,123.4,99,1.2464646464646465,0.048902311511807336,44.44444444444445,55.55555555555555,445,555,0.445,0.4444444444444445,10.0125,9.99,1.0022522522522521,5.0,0.5,0.005,100.0,1.0,2.5,1.2,2.0,0.8
T0p5_c0p005_ratio_1e2__rep02,T0p5_c0p005_ratio_1e2,2,1002,500,1000,1500,1000,True,13.550105518867744,39.94359202803491,26.39348650916716,37.88813575852032,0.02639348650916716,0.016962246804267167,18088,20014,1881,0.9037673628460078,4027,2519,243,2276,0.6255276881052892,0.060342686863670225,0.5651850012416191,0.3724857213806804,24041,40,0.6316644678941503,1.0131961389780857,20,2.5,0.64,36,10,10.0,110.19999999999999,99,1.113131313131313,0.20761028108485813,44.44444444444445,55.55555555555555,416,584,0.416,0.4444444444444445,9.36,10.512,0.8904109589041095,5.0,0.5,0.005,100.0,1.0,2.5,1.2,2.0,0.8
T0p5_c0p005_ratio_1e2__rep03,T0p5_c0p005_ratio_1e2,3,1003,500,1000,1500,1000,True,12.343741765230462,38.85636046520818,26.512618699977722,37.71788865204931,0.026512618699977723,0.017516382006911968,17997,19638,1566,0.9164375190956309,3797,2286,208,2078,0.6020542533579142,0.05478008954437714,0.547274163813537,0.39504872267579666,23435,39,0.6316644678941503,0.9881503442072427,20,2.5,0.6241794613730894,30,10,10.0,108.80000000000001,99,1.0989898989898992,0.23522739189279768,44.44444444444445,55.55555555555555,435,565,0.435,0.4444444444444445,9.7875,10.170000000000002,0.9623893805309732,5.0,0.5,0.005,100.0,1.0,2.5,1.2,2.0,0.8
T0p5_c0p005_ratio_1e2__rep04,T0p5_c0p005_ratio_1e2,4,1004,500,1000,1500,1000,True,13.823857910705689,39.402505857298934,25.578647946593243,39.095107844947194,0.025578647946593244,0.018703838140607054,17462,19771,2043,0.8832127864043295,3979,2419,308,2111,0.607941693892938,0.07740638351344559,0.5305353103794923,0.3769791404875597,23750,40,0.6316644678941503,0.9717823327554576,20,2.5,0.6138403701289122,27,10,10.0,84.0,99,0.8484848484848485,0.8592911018393782,44.44444444444445,55.55555555555555,442,558,0.442,0.4444444444444445,9.944999999999999,10.044,0.9901433691756271,5.0,0.5,0.005,100.0,1.0,2.5,1.2,2.0,0.8
T0p5_c0p005_ratio_1e2__rep05,T0p5_c0p005_ratio_1e2,5,1005,500,1000,1500,1000,True,16.093904556435604,42.2063851393565,26.112480582920895,38.29586380445445,0.026112480582920896,0.01778491789578318,18360,21399,2638,0.8579840179447638,4267,2691,435,2256,0.630653855167565,0.10194516053433325,0.5287086946332318,0.3515350363252871,25666,43,0.6316644678941503,0.9962335082737976,20,2.5,0.629285308902091,32,10,10.0,105.20000000000002,99,1.0626262626262628,0.3160057527005039,44.44444444444445,55.55555555555555,441,559,0.441,0.4444444444444445,9.9225,10.062000000000001,0.9861359570661895,5.0,0.5,0.005,100.0,1.0,2.5,1.2,2.0,0.8
T0p5_c0p0005_ratio_1e3__rep01,T0p5_c0p0005_ratio_1e3,1,1001,500,1000,1500,1000,True,12.120785878229777,38.948842657751044,26.82805677952127,37.27441045090275,0.02682805677952127,0.017920182098446702,18011,19563,1532,0.920666564432858,4051,2546,231,2315,0.6284867933843495,0.057022957294495184,0.5714638360898544,0.37027894347074797,23614,39,0.6316644678941503,0.9498713802919552,20,2.5,0.6,23,10,10.0,123.4,99,1.2464646464646465,0.048902311511807336,44.44444444444445,55.55555555555555,445,555,0.445,0.4444444444444445,10.0125,9.99,1.0022522522522521,5.0,0.5,0.0005,1000.0,1.0,2.5,1.2,2.0,0.8
T0p5_c0p0005_ratio_1e3__rep02,T0p5_c0p0005_ratio_1e3,2,1002,500,1000,1500,1000,True,13.550105518867744,39.94359202803491,26.39348650916716,37.88813575852032,0.02639348650916716,0.016962246804267167,18088,20014,1881,0.9037673628460078,4027,2519,243,2276,0.6255276881052892,0.060342686863670225,0.5651850012416191,0.3724857213806804,24041,40,0.6316644678941503,1.0131961389780857,20,2.5,0.64,36,10,10.0,110.19999999999999,99,1.113131313131313,0.20761028108485813,44.44444444444445,55.55555555555555,416,584,0.416,0.4444444444444445,9.36,10.512,0.8904109589041095,5.0,0.5,0.0005,1000.0,1.0,2.5,1.2,2.0,0.8
T0p5_c0p0005_ratio_1e3__rep03,T0p5_c0p0005_ratio_1e3,3,1003,500,1000,1500,1000,True,12.584544378848198,39.02924464055894,26.444700261710743,37.81476023942306,0.02644470026171074,0.017516382006911968,18009,20169,1647,0.892904953145917,3907,2300,218,2082,0.5886869721013566,0.05579728692091118,0.5328896851804453,0.3839262861530586,24076,40,0.6316644678941503,1.0122062060216643,20,2.5,0.6393746945258313,33,10,10.0,113.0,99,1.1414141414141414,0.15903566034871522,44.44444444444445,55.55555555555555,438,562,0.438,0.4444444444444445,9.854999999999999,10.116000000000001,0.9741992882562275,5.0,0.5,0.0005,1000.0,1.0,2.5,1.2,2.0,0.8
T0p5_c0p0005_ratio_1e3__rep04,T0p5_c0p0005_ratio_1e3,4,1004,500,1000,1500,1000,True,13.922653390495618,39.46739421158466,25.544740821089043,39.1470012165646,0.025544740821089044,0.018703838140607054,17483,19771,2058,0.8842749481563906,3979,2427,311,2116,0.6099522493088716,0.0781603417944207,0.5317919075144508,0.3769791404875597,23750,40,0.6316644678941503,0.9779524412994779,20,2.5,0.61773780845922,27,10,10.0,86.2,99,0.8707070707070708,0.8170501225794982,44.44444444444445,55.55555555555555,444,556,0.444,0.4444444444444445,9.989999999999998,10.008000000000001,0.9982014388489207,5.0,0.5,0.0005,1000.0,1.0,2.5,1.2,2.0,0.8
T0p5_c0p0005_ratio_1e3__rep05,T0p5_c0p0005_ratio_1e3,5,1005,500,1000,1500,1000,True,16.093904556435604,42.2063851393565,26.112480582920895,38.29586380445445,0.026112480582920896,0.01778491789578318,18360,21399,2638,0.8579840179447638,4267,2691,435,2256,0.630653855167565,0.10194516053433325,0.5287086946332318,0.3515350363252871,25666,43,0.6316644678941503,0.9962335082737976,20,2.5,0.629285308902091,32,10,10.0,105.20000000000002,99,1.0626262626262628,0.3160057527005039,44.44444444444445,55.55555555555555,441,559,0.441,0.4444444444444445,9.9225,10.062000000000001,0.9861359570661895,5.0,0.5,0.0005,1000.0,1.0,2.5,1.2,2.0,0.8
T0p5_c0p00005_ratio_1e4__rep01,T0p5_c0p00005_ratio_1e4,1,1001,500,1000,1500,1000,True,12.120785878229777,38.948842657751044,26.82805677952127,37.27441045090275,0.02682805677952127,0.017920182098446702,18011,19563,1532,0.920666564432858,4051,2546,231,2315,0.6284867933843495,0.057022957294495184,0.5714638360898544,0.37027894347074797,23614,39,0.6316644678941503,0.9498713802919552,20,2.5,0.6,23,10,10.0,123.4,99,1.2464646464646465,0.048902311511807336,44.44444444444445,55.55555555555555,445,555,0.445,0.4444444444444445,10.0125,9.99,1.0022522522522521,5.0,0.5,5e-05,10000.0,1.0,2.5,1.2,2.0,0.8
T0p5_c0p00005_ratio_1e4__rep02,T0p5_c0p00005_ratio_1e4,2,1002,500,1000,1500,1000,True,13.550105518867744,39.94359202803491,26.39348650916716,37.88813575852032,0.02639348650916716,0.016962246804267167,18088,20014,1881,0.9037673628460078,4027,2519,243,2276,0.6255276881052892,0.060342686863670225,0.5651850012416191,0.3724857213806804,24041,40,0.6316644678941503,1.0131961389780857,20,2.5,0.64,36,10,10.0,110.19999999999999,99,1.113131313131313,0.20761028108485813,44.44444444444445,55.55555555555555,416,584,0.416,0.4444444444444445,9.36,10.512,0.8904109589041095,5.0,0.5,5e-05,10000.0,1.0,2.5,1.2,2.0,0.8
T0p5_c0p00005_ratio_1e4__rep03,T0p5_c0p00005_ratio_1e4,3,1003,500,1000,1500,1000,True,12.584544378848198,39.02924464055894,26.444700261710743,37.81476023942306,0.02644470026171074,0.017516382006911968,18009,20169,1647,0.892904953145917,3907,2300,218,2082,0.5886869721013566,0.05579728692091118,0.5328896851804453,0.3839262861530586,24076,40,0.6316644678941503,1.0122062060216643,20,2.5,0.6393746945258313,33,10,10.0,113.0,99,1.1414141414141414,0.15903566034871522,44.44444444444445,55.55555555555555,438,562,0.438,0.4444444444444445,9.854999999999999,10.116000000000001,0.9741992882562275,5.0,0.5,5e-05,10000.0,1.0,2.5,1.2,2.0,0.8
T0p5_c0p00005_ratio_1e4__rep04,T0p5_c0p00005_ratio_1e4,4,1004,500,1000,1500,1000,True,13.922653390495618,39.46739421158466,25.544740821089043,39.1470012165646,0.025544740821089044,0.018703838140607054,17483,19771,2058,0.8842749481563906,3979,2427,311,2116,0.6099522493088716,0.0781603417944207,0.5317919075144508,0.3769791404875597,23750,40,0.6316644678941503,0.9779524412994779,20,2.5,0.61773780845922,27,10,10.0,86.2,99,0.8707070707070708,0.8170501225794982,44.44444444444445,55.55555555555555,444,556,0.444,0.4444444444444445,9.989999999999998,10.008000000000001,0.9982014388489207,5.0,0.5,5e-05,10000.0,1.0,2.5,1.2,2.0,0.8
T0p5_c0p00005_ratio_1e4__rep05,T0p5_c0p00005_ratio_1e4,5,1005,500,1000,1500,1000,True,16.093904556435604,42.2063851393565,26.112480582920895,38.29586380445445,0.026112480582920896,0.01778491789578318,18360,21399,2638,0.8579840179447638,4267,2691,435,2256,0.630653855167565,0.10194516053433325,0.5287086946332318,0.3515350363252871,25666,43,0.6316644678941503,0.9962335082737976,20,2.5,0.629285308902091,32,10,10.0,105.20000000000002,99,1.0626262626262628,0.3160057527005039,44.44444444444445,55.55555555555555,441,559,0.441,0.4444444444444445,9.9225,10.062000000000001,0.9861359570661895,5.0,0.5,5e-05,10000.0,1.0,2.5,1.2,2.0,0.8
T0p5_c0p025_ratio_20__rep01,T0p5_c0p025_ratio_20,1,1001,500,1000,1500,1000,True,12.115671692732805,38.94521989152217,26.829548198789368,37.272338415490836,0.02682954819878937,0.017920182098446702,18036,19563,1501,0.9219444870418647,4051,2545,230,2315,0.628239940755369,0.056776104665514686,0.5714638360898544,0.37027894347074797,23614,39,0.6316644678941503,0.9488153806544326,20,2.5,0.5993329625508679,23,10,10.0,122.6,99,1.2383838383838384,0.05409731377305718,44.44444444444445,55.55555555555555,445,555,0.445,0.4444444444444445,10.0125,9.99,1.0022522522522521,5.0,0.5,0.025,20.0,1.0,2.5,1.2,2.0,0.8
T0p5_c0p025_ratio_20__rep02,T0p5_c0p025_ratio_20,2,1002,500,1000,1500,1000,True,13.482415353726756,39.82520174538234,26.34278639165558,37.96105640201991,0.02634278639165558,0.016962246804267167,18053,20014,1868,0.9020185869891076,4027,2507,239,2268,0.6225478023342439,0.05934939160665508,0.5631984107275888,0.3724857213806804,24041,40,0.6316644678941503,1.0220623898872587,20,2.5,0.6456004956627589,37,10,10.0,114.2,99,1.1535353535353536,0.14091136447051877,44.44444444444445,55.55555555555555,417,583,0.417,0.4444444444444445,9.382499999999999,10.494000000000002,0.8940823327615778,5.0,0.5,0.025,20.0,1.0,2.5,1.2,2.0,0.8
T0p5_c0p025_ratio_20__rep03,T0p5_c0p025_ratio_20,3,1003,500,1000,1500,1000,True,12.343741765230462,38.85636046520818,26.512618699977722,37.71788865204931,0.026512618699977723,0.017516382006911968,18003,19638,1560,0.9167430491903452,3797,2286,208,2078,0.6020542533579142,0.05478008954437714,0.547274163813537,0.39504872267579666,23435,39,0.6316644678941503,0.9881503442072427,20,2.5,0.6241794613730894,30,10,10.0,108.80000000000001,99,1.0989898989898992,0.23522739189279768,44.44444444444445,55.55555555555555,435,565,0.435,0.4444444444444445,9.7875,10.170000000000002,0.9623893805309732,5.0,0.5,0.025,20.0,1.0,2.5,1.2,2.0,0.8
T0p5_c0p025_ratio_20__rep04,T0p5_c0p025_ratio_20,4,1004,500,1000,1500,1000,True,13.744067202581576,39.2464044610723,25.502337258490726,39.212092204100266,0.025502337258490725,0.01855470635300982,17469,19771,1956,0.8835668403216833,3979,2402,297,2105,0.6036692636340789,0.07464186981653682,0.529027393817542,0.3769791404875597,23750,40,0.6316644678941503,0.9655727973942043,20,2.5,0.6099180272790763,26,10,10.0,86.2,99,0.8707070707070708,0.8170501225794982,44.44444444444445,55.55555555555555,443,557,0.443,0.4444444444444445,9.9675,10.026000000000002,0.9941651705565527,5.0,0.5,0.025,20.0,1.0,2.5,1.2,2.0,0.8
T0p5_c0p025_ratio_20__rep05,T0p5_c0p025_ratio_20,5,1005,500,1000,1500,1000,True,16.167603832932876,42.24660236409522,26.07899853116234,38.345030726738955,0.026078998531162342,0.01778491789578318,18456,21399,2565,0.8624702088882658,4267,2696,415,2281,0.6318256386219827,0.09725802671666275,0.5345676119053199,0.3515350363252871,25666,43,0.6316644678941503,0.9972392970289764,20,2.5,0.6299206299209449,32,10,10.0,104.60000000000002,99,1.0565656565656567,0.3307327306874095,44.44444444444445,55.55555555555555,440,560,0.44,0.4444444444444445,9.899999999999999,10.080000000000002,0.9821428571428569,5.0,0.5,0.025,20.0,1.0,2.5,1.2,2.0,0.8
T0p5_c0p01_ratio_50__rep01,T0p5_c0p01_ratio_50,1,1001,500,1000,1500,1000,True,12.115671692732805,38.94521989152217,26.829548198789368,37.272338415490836,0.02682954819878937,0.017920182098446702,18035,19563,1502,0.9218933701375045,4051,2545,230,2315,0.628239940755369,0.056776104665514686,0.5714638360898544,0.37027894347074797,23614,39,0.6316644678941503,0.9488153806544326,20,2.5,0.5993329625508679,23,10,10.0,122.6,99,1.2383838383838384,0.05409731377305718,44.44444444444445,55.55555555555555,445,555,0.445,0.4444444444444445,10.0125,9.99,1.0022522522522521,5.0,0.5,0.01,50.0,1.0,2.5,1.2,2.0,0.8
T0p5_c0p01_ratio_50__rep02,T0p5_c0p01_ratio_50,2,1002,500,1000,1500,1000,True,13.550105518867744,39.94359202803491,26.39348650916716,37.88813575852032,0.02639348650916716,0.016962246804267167,18089,20014,1880,0.9038173278704906,4027,2519,243,2276,0.6255276881052892,0.060342686863670225,0.5651850012416191,0.3724857213806804,24041,40,0.6316644678941503,1.0131961389780857,20,2.5,0.64,36,10,10.0,110.19999999999999,99,1.113131313131313,0.20761028108485813,44.44444444444445,55.55555555555555,416,584,0.416,0.4444444444444445,9.36,10.512,0.8904109589041095,5.0,0.5,0.01,50.0,1.0,2.5,1.2,2.0,0.8
T0p5_c0p01_ratio_50__rep03,T0p5_c0p01_ratio_50,3,1003,500,1000,1500,1000,True,12.343741765230462,38.85636046520818,26.512618699977722,37.71788865204931,0.026512618699977723,0.017516382006911968,17998,19638,1565,0.9164884407780833,3797,2286,208,2078,0.6020542533579142,0.05478008954437714,0.547274163813537,0.39504872267579666,23435,39,0.6316644678941503,0.9881503442072427,20,2.5,0.6241794613730894,30,10,10.0,108.80000000000001,99,1.0989898989898992,0.23522739189279768,44.44444444444445,55.55555555555555,435,565,0.435,0.4444444444444445,9.7875,10.170000000000002,0.9623893805309732,5.0,0.5,0.01,50.0,1.0,2.5,1.2,2.0,0.8
T0p5_c0p01_ratio_50__rep04,T0p5_c0p01_ratio_50,4,1004,500,1000,1500,1000,True,13.823857910705689,39.402505857298934,25.578647946593243,39.095107844947194,0.025578647946593244,0.018703838140607054,17462,19771,2043,0.8832127864043295,3979,2419,308,2111,0.607941693892938,0.07740638351344559,0.5305353103794923,0.3769791404875597,23750,40,0.6316644678941503,0.9717823327554576,20,2.5,0.6138403701289122,27,10,10.0,84.0,99,0.8484848484848485,0.8592911018393782,44.44444444444445,55.55555555555555,442,558,0.442,0.4444444444444445,9.944999999999999,10.044,0.9901433691756271,5.0,0.5,0.01,50.0,1.0,2.5,1.2,2.0,0.8
T0p5_c0p01_ratio_50__rep05,T0p5_c0p01_ratio_50,5,1005,500,1000,1500,1000,True,16.093904556435604,42.2063851393565,26.112480582920895,38.29586380445445,0.026112480582920896,0.01778491789578318,18360,21399,2638,0.8579840179447638,4267,2691,435,2256,0.630653855167565,0.10194516053433325,0.5287086946332318,0.3515350363252871,25666,43,0.6316644678941503,0.9962335082737976,20,2.5,0.629285308902091,32,10,10.0,105.20000000000002,99,1.0626262626262628,0.3160057527005039,44.44444444444445,55.55555555555555,441,559,0.441,0.4444444444444445,9.9225,10.062000000000001,0.9861359570661895,5.0,0.5,0.01,50.0,1.0,2.5,1.2,2.0,0.8
T1e-1_c1e-2_ratio_1e1__rep01,T1e-1_c1e-2_ratio_1e1,1,1001,500,1000,1500,1000,True,15.1091245499397,42.2017700983647,27.092645548424997,36.91038581716262,0.027092645548425,0.017920182098446702,18645,21604,2560,0.8630346232179226,4474,2878,437,2441,0.6432722396066161,0.09767545820295039,0.5455967814036656,0.33527045149754137,26078,43,0.6316644678941503,0.9306800811953775,20,2.5,0.5878775382679627,19,10,10.0,95.19999999999999,99,0.9616161616161615,0.5894129697748193,44.44444444444445,55.55555555555555,437,563,0.437,0.4444444444444445,9.8325,10.134,0.9702486678507992,5.0,0.1,0.01,10.0,1.0,2.5,1.2,2.0,0.8
T1e-1_c1e-2_ratio_1e1__rep02,T1e-1_c1e-2_ratio_1e1,2,1002,500,1000,1500,1000,True,16.477157822871252,41.939825674772216,25.462667851900964,39.27318244169545,0.025462667851900964,0.01687354462088564,18058,20971,2881,0.8610938915645415,4238,2732,431,2301,0.6446436998584237,0.10169891458235017,0.5429447852760736,0.3539405379896177,25209,42,0.6316644678941503,0.9820443103897717,20,2.5,0.620322496770833,35,10,10.0,92.0,99,0.9292929292929293,0.6779651870359542,44.44444444444445,55.55555555555555,422,578,0.422,0.4444444444444445,9.495,10.404000000000002,0.912629757785467,5.0,0.1,0.01,10.0,1.0,2.5,1.2,2.0,0.8
T1e-1_c1e-2_ratio_1e1__rep03,T1e-1_c1e-2_ratio_1e1,3,1003,500,1000,1500,1000,True,14.841058651341223,40.90838271170277,26.06732406036155,38.36220387195855,0.02606732406036155,0.017360834318848717,17961,20650,2644,0.8697820823244552,4009,2499,409,2090,0.6233474681965577,0.10202045397854827,0.5213270142180095,0.3741581441756049,24659,41,0.6316644678941503,1.0082367546283257,20,2.5,0.6368673331236263,32,10,10.0,111.6,99,1.1272727272727272,0.18221256580472764,44.44444444444445,55.55555555555555,442,558,0.442,0.4444444444444445,9.944999999999999,10.044,0.9901433691756271,5.0,0.1,0.01,10.0,1.0,2.5,1.2,2.0,0.8
T1e-1_c1e-2_ratio_1e1__rep04,T1e-1_c1e-2_ratio_1e1,4,1004,500,1000,1500,1000,True,17.661963966085754,43.616307537966584,25.95434357188083,38.52919636478146,0.025954343571880832,0.01819935761798952,17068,21773,4500,0.7839066734028384,4448,2896,814,2082,0.6510791366906474,0.18300359712230216,0.4680755395683453,0.33723021582733814,26221,44,0.6316644678941503,0.9738433792547422,20,2.5,0.6151422599691879,34,10,10.0,80.4,99,0.8121212121212121,0.9141709865961419,44.44444444444445,55.55555555555555,433,567,0.433,0.4444444444444445,9.742499999999998,10.206000000000001,0.9545855379188709,5.0,0.1,0.01,10.0,1.0,2.5,1.2,2.0,0.8
T1e-1_c1e-2_ratio_1e1__rep05,T1e-1_c1e-2_ratio_1e1,5,1005,500,1000,1500,1000,True,16.903447676920614,43.23031726966225,26.326869592741637,37.98400704182854,0.026326869592741636,0.01818142998007133,18483,21871,3038,0.8450916739060856,4376,2790,489,2301,0.6375685557586838,0.11174588665447897,0.5258226691042047,0.34277879341864714,26247,44,0.6316644678941503,0.9871352947927471,20,2.5,0.6235382907247958,31,10,10.0,102.80000000000001,99,1.0383838383838384,0.3767887422794509,44.44444444444445,55.55555555555555,435,565,0.435,0.4444444444444445,9.7875,10.170000000000002,0.9623893805309732,5.0,0.1,0.01,10.0,1.0,2.5,1.2,2.0,0.8
T1e-1_c1e-3_ratio_1e2__rep01,T1e-1_c1e-3_ratio_1e2,1,1001,500,1000,1500,1000,True,15.150497012503495,42.22964601054545,27.07914899804196,36.928782365808765,0.02707914899804196,0.017920182098446702,18624,21604,2590,0.8620625810035178,4474,2881,438,2443,0.6439427805096111,0.09789897183728208,0.546043808672329,0.33527045149754137,26078,43,0.6316644678941503,0.9317566345699734,20,2.5,0.5885575587824865,19,10,10.0,95.4,99,0.9636363636363637,0.5837373137429271,44.44444444444445,55.55555555555555,437,563,0.437,0.4444444444444445,9.8325,10.134,0.9702486678507992,5.0,0.1,0.001,100.0,1.0,2.5,1.2,2.0,0.8
T1e-1_c1e-3_ratio_1e2__rep02,T1e-1_c1e-3_ratio_1e2,2,1002,500,1000,1500,1000,True,16.477157822871252,41.939825674772216,25.462667851900964,39.27318244169545,0.025462667851900964,0.01687354462088564,18055,20971,2884,0.8609508368699633,4238,2732,431,2301,0.6446436998584237,0.10169891458235017,0.5429447852760736,0.3539405379896177,25209,42,0.6316644678941503,0.9820443103897717,20,2.5,0.620322496770833,35,10,10.0,92.0,99,0.9292929292929293,0.6779651870359542,44.44444444444445,55.55555555555555,422,578,0.422,0.4444444444444445,9.495,10.404000000000002,0.912629757785467,5.0,0.1,0.001,100.0,1.0,2.5,1.2,2.0,0.8
T1e-1_c1e-3_ratio_1e2__rep03,T1e-1_c1e-3_ratio_1e2,3,1003,500,1000,1500,1000,True,15.27707343701049,41.13429525561362,25.857221818603133,38.673915048388686,0.025857221818603133,0.017263957789634077,17965,21182,2753,0.8481257671607969,4103,2521,427,2094,0.6144284669753839,0.1040701925420424,0.5103582744333415,0.36558615647087495,25285,42,0.6316644678941503,1.0072419475240941,20,2.5,0.6362389488234746,32,10,10.0,111.6,99,1.1272727272727272,0.18221256580472764,44.44444444444445,55.55555555555555,443,557,0.443,0.4444444444444445,9.9675,10.026000000000002,0.9941651705565527,5.0,0.1,0.001,100.0,1.0,2.5,1.2,2.0,0.8
T1e-1_c1e-3_ratio_1e2__rep04,T1e-1_c1e-3_ratio_1e2,4,1004,500,1000,1500,1000,True,17.757027884702342,43.673153165242745,25.916125280540403,38.58601504565454,0.0259161252805404,0.01806888567417886,17078,21773,4521,0.7843659578376889,4448,2902,819,2083,0.6524280575539568,0.1841276978417266,0.4683003597122302,0.33723021582733814,26221,44,0.6316644678941503,0.9717823327554576,20,2.5,0.6138403701289122,34,10,10.0,81.20000000000002,99,0.8202020202020204,0.9035003453991421,44.44444444444445,55.55555555555555,430,570,0.43,0.4444444444444445,9.674999999999999,10.260000000000002,0.9429824561403506,5.0,0.1,0.001,100.0,1.0,2.5,1.2,2.0,0.8
T1e-1_c1e-3_ratio_1e2__rep05,T1e-1_c1e-3_ratio_1e2,5,1005,500,1000,1500,1000,True,16.903447676920614,43.23031726966225,26.326869592741637,37.98400704182854,0.026326869592741636,0.01818142998007133,18483,21871,3038,0.8450916739060856,4376,2790,489,2301,0.6375685557586838,0.11174588665447897,0.5258226691042047,0.34277879341864714,26247,44,0.6316644678941503,0.9871352947927471,20,2.5,0.6235382907247958,31,10,10.0,102.80000000000001,99,1.0383838383838384,0.3767887422794509,44.44444444444445,55.55555555555555,435,565,0.435,0.4444444444444445,9.7875,10.170000000000002,0.9623893805309732,5.0,0.1,0.001,100.0,1.0,2.5,1.2,2.0,0.8
T1e-1_c1e-4_ratio_1e3__rep01,T1e-1_c1e-4_ratio_1e3,1,1001,500,1000,1500,1000,True,15.150497012503495,42.22964601054545,27.07914899804196,36.928782365808765,0.02707914899804196,0.017920182098446702,18624,21604,2590,0.8620625810035178,4474,2881,438,2443,0.6439427805096111,0.09789897183728208,0.546043808672329,0.33527045149754137,26078,43,0.6316644678941503,0.9317566345699734,20,2.5,0.5885575587824865,19,10,10.0,95.4,99,0.9636363636363637,0.5837373137429271,44.44444444444445,55.55555555555555,437,563,0.437,0.4444444444444445,9.8325,10.134,0.9702486678507992,5.0,0.1,0.0001,1000.0,1.0,2.5,1.2,2.0,0.8
T1e-1_c1e-4_ratio_1e3__rep02,T1e-1_c1e-4_ratio_1e3,2,1002,500,1000,1500,1000,True,16.477157822871252,41.939825674772216,25.462667851900964,39.27318244169545,0.025462667851900964,0.01687354462088564,18055,20971,2884,0.8609508368699633,4238,2732,431,2301,0.6446436998584237,0.10169891458235017,0.5429447852760736,0.3539405379896177,25209,42,0.6316644678941503,0.9820443103897717,20,2.5,0.620322496770833,35,10,10.0,92.0,99,0.9292929292929293,0.6779651870359542,44.44444444444445,55.55555555555555,422,578,0.422,0.4444444444444445,9.495,10.404000000000002,0.912629757785467,5.0,0.1,0.0001,1000.0,1.0,2.5,1.2,2.0,0.8
T1e-1_c1e-4_ratio_1e3__rep03,T1e-1_c1e-4_ratio_1e3,3,1003,500,1000,1500,1000,True,15.27707343701049,41.13429525561362,25.857221818603133,38.673915048388686,0.025857221818603133,0.017263957789634077,17965,21182,2753,0.8481257671607969,4103,2521,427,2094,0.6144284669753839,0.1040701925420424,0.5103582744333415,0.36558615647087495,25285,42,0.6316644678941503,1.0072419475240941,20,2.5,0.6362389488234746,32,10,10.0,111.6,99,1.1272727272727272,0.18221256580472764,44.44444444444445,55.55555555555555,443,557,0.443,0.4444444444444445,9.9675,10.026000000000002,0.9941651705565527,5.0,0.1,0.0001,1000.0,1.0,2.5,1.2,2.0,0.8
T1e-1_c1e-4_ratio_1e3__rep04,T1e-1_c1e-4_ratio_1e3,4,1004,500,1000,1500,1000,True,17.757027884702342,43.673153165242745,25.916125280540403,38.58601504565454,0.0259161252805404,0.01806888567417886,17078,21773,4521,0.7843659578376889,4448,2902,819,2083,0.6524280575539568,0.1841276978417266,0.4683003597122302,0.33723021582733814,26221,44,0.6316644678941503,0.9717823327554576,20,2.5,0.6138403701289122,34,10,10.0,81.20000000000002,99,0.8202020202020204,0.9035003453991421,44.44444444444445,55.55555555555555,430,570,0.43,0.4444444444444445,9.674999999999999,10.260000000000002,0.9429824561403506,5.0,0.1,0.0001,1000.0,1.0,2.5,1.2,2.0,0.8
T1e-1_c1e-4_ratio_1e3__rep05,T1e-1_c1e-4_ratio_1e3,5,1005,500,1000,1500,1000,True,16.903447676920614,43.23031726966225,26.326869592741637,37.98400704182854,0.026326869592741636,0.01818142998007133,18483,21871,3038,0.8450916739060856,4376,2790,489,2301,0.6375685557586838,0.11174588665447897,0.5258226691042047,0.34277879341864714,26247,44,0.6316644678941503,0.9871352947927471,20,2.5,0.6235382907247958,31,10,10.0,102.80000000000001,99,1.0383838383838384,0.3767887422794509,44.44444444444445,55.55555555555555,435,565,0.435,0.4444444444444445,9.7875,10.170000000000002,0.9623893805309732,5.0,0.1,0.0001,1000.0,1.0,2.5,1.2,2.0,0.8
T1e-2_c1e-3_ratio_1e1__rep01,T1e-2_c1e-3_ratio_1e1,1,1001,500,1000,1500,1000,True,20.243632517713,46.74090506438125,26.497272546668253,37.739733334393286,0.02649727254666825,0.01764547912937786,18611,23583,4859,0.7891701649493279,4893,3365,865,2500,0.6877171469446147,0.17678315961577765,0.5109339873288371,0.30656039239730226,28476,47,0.6316644678941503,1.017146236371847,20,2.5,0.6424951361683604,31,10,10.0,126.6,99,1.2787878787878788,0.03212428845757768,44.44444444444445,55.55555555555555,431,569,0.431,0.4444444444444445,9.697499999999998,10.242,0.9468365553602809,5.0,0.01,0.001,10.0,1.0,2.5,1.2,2.0,0.8
T1e-2_c1e-3_ratio_1e1__rep02,T1e-2_c1e-3_ratio_1e1,2,1002,500,1000,1500,1000,True,26.648895339461657,52.82044747230812,26.17155213284646,38.20942659128556,0.02617155213284646,0.017777827455997652,17536,26503,8888,0.6616609440440705,5340,3819,1599,2220,0.7151685393258427,0.29943820224719103,0.4157303370786517,0.2808988764044944,31843,53,0.6316644678941503,1.0012523486435176,20,2.5,0.6324555320336759,35,10,10.0,87.0,99,0.8787878787878788,0.8001129931363746,44.44444444444445,55.55555555555555,409,591,0.409,0.4444444444444445,9.202499999999999,10.638000000000002,0.8650592216582061,5.0,0.01,0.001,10.0,1.0,2.5,1.2,2.0,0.8
T1e-2_c1e-3_ratio_1e1__rep03,T1e-2_c1e-3_ratio_1e1,3,1003,500,1000,1500,1000,True,28.137775568469575,51.91625816175657,23.778482593287,42.05482818665284,0.023778482593287,0.01671422200295325,17490,26161,8634,0.6685524253660028,5104,3599,1599,2000,0.7051332288401254,0.3132836990595611,0.39184952978056425,0.2938871473354232,31265,52,0.6316644678941503,0.9820443103897717,20,2.5,0.620322496770833,30,10,10.0,92.0,99,0.9292929292929293,0.6779651870359542,44.44444444444445,55.55555555555555,428,572,0.428,0.4444444444444445,9.629999999999999,10.296000000000001,0.9353146853146851,5.0,0.01,0.001,10.0,1.0,2.5,1.2,2.0,0.8
T1e-2_c1e-3_ratio_1e1__rep04,T1e-2_c1e-3_ratio_1e1,4,1004,500,1000,1500,1000,True,26.72889591363185,51.535550665731144,24.806654752099295,40.311763516415844,0.024806654752099293,0.0164755286414362,17390,25781,8164,0.6745277529963927,5227,3675,1547,2128,0.7030801607040368,0.29596326764874686,0.40711689305528986,0.28697149416491297,31008,52,0.6316644678941503,0.9810229431759452,20,2.5,0.6196773353931867,35,10,10.0,90.8,99,0.9171717171717172,0.7095009520041401,44.44444444444445,55.55555555555555,435,565,0.435,0.4444444444444445,9.7875,10.170000000000002,0.9623893805309732,5.0,0.01,0.001,10.0,1.0,2.5,1.2,2.0,0.8
T1e-2_c1e-3_ratio_1e1__rep05,T1e-2_c1e-3_ratio_1e1,5,1005,500,1000,1500,1000,True,22.652101957955097,48.981463702033835,26.32936174407874,37.9804117441203,0.02632936174407874,0.018242754459745214,18550,24429,5875,0.7593434033321053,4902,3399,1068,2331,0.693390452876377,0.2178702570379437,0.4755201958384333,0.30599755201958384,29331,49,0.6316644678941503,1.017146236371847,20,2.5,0.6424951361683604,38,10,10.0,134.2,99,1.3555555555555554,0.010704268914997829,44.44444444444445,55.55555555555555,413,587,0.413,0.4444444444444445,9.292499999999999,10.566,0.879471890971039,5.0,0.01,0.001,10.0,1.0,2.5,1.2,2.0,0.8
T1e-2_c1e-4_ratio_1e2__rep01,T1e-2_c1e-4_ratio_1e2,1,1001,500,1000,1500,1000,True,20.243632517713,46.74090506438125,26.497272546668253,37.739733334393286,0.02649727254666825,0.01764547912937786,18611,23583,4859,0.7891701649493279,4893,3365,865,2500,0.6877171469446147,0.17678315961577765,0.5109339873288371,0.30656039239730226,28476,47,0.6316644678941503,1.017146236371847,20,2.5,0.6424951361683604,31,10,10.0,126.6,99,1.2787878787878788,0.03212428845757768,44.44444444444445,55.55555555555555,431,569,0.431,0.4444444444444445,9.697499999999998,10.242,0.9468365553602809,5.0,0.01,0.0001,100.0,1.0,2.5,1.2,2.0,0.8
T1e-2_c1e-4_ratio_1e2__rep02,T1e-2_c1e-4_ratio_1e2,2,1002,500,1000,1500,1000,True,26.648895339461657,52.82044747230812,26.17155213284646,38.20942659128556,0.02617155213284646,0.017777827455997652,17535,26503,8889,0.6616232124665132,5340,3819,1599,2220,0.7151685393258427,0.29943820224719103,0.4157303370786517,0.2808988764044944,31843,53,0.6316644678941503,1.0012523486435176,20,2.5,0.6324555320336759,35,10,10.0,87.0,99,0.8787878787878788,0.8001129931363746,44.44444444444445,55.55555555555555,409,591,0.409,0.4444444444444445,9.202499999999999,10.638000000000002,0.8650592216582061,5.0,0.01,0.0001,100.0,1.0,2.5,1.2,2.0,0.8
T1e-2_c1e-4_ratio_1e2__rep03,T1e-2_c1e-4_ratio_1e2,3,1003,500,1000,1500,1000,True,28.137775568469575,51.91625816175657,23.778482593287,42.05482818665284,0.023778482593287,0.01671422200295325,17489,26161,8635,0.6685142005275028,5104,3599,1599,2000,0.7051332288401254,0.3132836990595611,0.39184952978056425,0.2938871473354232,31265,52,0.6316644678941503,0.9820443103897717,20,2.5,0.620322496770833,30,10,10.0,92.0,99,0.9292929292929293,0.6779651870359542,44.44444444444445,55.55555555555555,428,572,0.428,0.4444444444444445,9.629999999999999,10.296000000000001,0.9353146853146851,5.0,0.01,0.0001,100.0,1.0,2.5,1.2,2.0,0.8
T1e-2_c1e-4_ratio_1e2__rep04,T1e-2_c1e-4_ratio_1e2,4,1004,500,1000,1500,1000,True,26.72889591363185,51.535550665731144,24.806654752099295,40.311763516415844,0.024806654752099293,0.0164755286414362,17390,25781,8164,0.6745277529963927,5227,3675,1547,2128,0.7030801607040368,0.29596326764874686,0.40711689305528986,0.28697149416491297,31008,52,0.6316644678941503,0.9810229431759452,20,2.5,0.6196773353931867,35,10,10.0,90.8,99,0.9171717171717172,0.7095009520041401,44.44444444444445,55.55555555555555,435,565,0.435,0.4444444444444445,9.7875,10.170000000000002,0.9623893805309732,5.0,0.01,0.0001,100.0,1.0,2.5,1.2,2.0,0.8
T1e-2_c1e-4_ratio_1e2__rep05,T1e-2_c1e-4_ratio_1e2,5,1005,500,1000,1500,1000,True,22.652101957955097,48.981463702033835,26.32936174407874,37.9804117441203,0.02632936174407874,0.018242754459745214,18550,24429,5875,0.7593434033321053,4902,3399,1068,2331,0.693390452876377,0.2178702570379437,0.4755201958384333,0.30599755201958384,29331,49,0.6316644678941503,1.017146236371847,20,2.5,0.6424951361683604,38,10,10.0,134.2,99,1.3555555555555554,0.010704268914997829,44.44444444444445,55.55555555555555,413,587,0.413,0.4444444444444445,9.292499999999999,10.566,0.879471890971039,5.0,0.01,0.0001,100.0,1.0,2.5,1.2,2.0,0.8
T1e-3_c1e-4_ratio_1e1__rep01,T1e-3_c1e-4_ratio_1e1,1,1001,500,1000,1500,1000,True,39.558177226837394,64.28374021282009,24.725562985982698,40.443972926598896,0.024725562985982698,0.0173811359655609,18255,32671,14052,0.5587524103945395,6698,5123,2796,2327,0.7648551806509406,0.41743804120633027,0.34741713944461033,0.2239474469991042,39369,65,0.6316644678941503,0.9477582044145477,20,2.5,0.5986651818838307,28,10,10.0,109.4,99,1.105050505050505,0.2231214826169492,44.44444444444445,55.55555555555555,453,547,0.453,0.4444444444444445,10.192499999999999,9.846000000000002,1.0351919561243141,5.0,0.001,0.0001,10.0,1.0,2.5,1.2,2.0,0.8
T1e-3_c1e-4_ratio_1e1__rep02,T1e-3_c1e-4_ratio_1e1,2,1002,500,1000,1500,1000,True,27.84251320641033,53.90009780443325,26.05758459802292,38.37654239356757,0.02605758459802292,0.017580371890387525,17145,26974,9782,0.6356120708830726,5434,3922,1795,2127,0.7217519322782481,0.33032756716967243,0.39142436510857564,0.2760397497239602,32408,54,0.6316644678941503,1.0250007641051007,20,2.5,0.6474565622495458,35,10,10.0,97.4,99,0.9838383838383838,0.526653703251681,44.44444444444445,55.55555555555555,404,596,0.404,0.4444444444444445,9.089999999999998,10.728000000000002,0.8473154362416104,5.0,0.001,0.0001,10.0,1.0,2.5,1.2,2.0,0.8
T1e-3_c1e-4_ratio_1e1__rep03,T1e-3_c1e-4_ratio_1e1,3,1003,500,1000,1500,1000,True,322.5491410885001,347.91552050883064,25.36637942033053,39.422259812077264,0.025366379420330532,0.016719584345793237,17442,173819,156337,0.10034576197078571,34694,33189,31140,2049,0.95662074133856,0.8975615380181011,0.05905920332045887,0.043235141523029916,208513,348,0.6316644678941503,0.9572307594394586,20,2.5,0.604648658313239,31,10,10.0,109.0,99,1.101010101010101,0.23114736443192263,44.44444444444445,55.55555555555555,410,590,0.41,0.4444444444444445,9.225,10.620000000000001,0.8686440677966101,5.0,0.001,0.0001,10.0,1.0,2.5,1.2,2.0,0.8
T1e-3_c1e-4_ratio_1e1__rep04,T1e-3_c1e-4_ratio_1e1,4,1004,500,1000,1500,1000,True,26.72889591363185,51.535550665731144,24.806654752099295,40.311763516415844,0.024806654752099293,0.0164755286414362,17389,25781,8165,0.6744889647414762,5227,3675,1547,2128,0.7030801607040368,0.29596326764874686,0.40711689305528986,0.28697149416491297,31008,52,0.6316644678941503,0.9810229431759452,20,2.5,0.6196773353931867,35,10,10.0,90.8,99,0.9171717171717172,0.7095009520041401,44.44444444444445,55.55555555555555,435,565,0.435,0.4444444444444445,9.7875,10.170000000000002,0.9623893805309732,5.0,0.001,0.0001,10.0,1.0,2.5,1.2,2.0,0.8
T1e-3_c1e-4_ratio_1e1__rep05,T1e-3_c1e-4_ratio_1e1,5,1005,500,1000,1500,1000,True,65.6882249075967,92.3290460956422,26.640821188045493,37.53638046445539,0.026640821188045494,0.01812869446212062,18155,46355,27873,0.3916513860424981,9258,7696,5437,2259,0.8312810542233744,0.5872758695182545,0.2440051847051199,0.16202203499675957,55613,93,0.6316644678941503,1.0122062060216643,20,2.5,0.6393746945258313,36,10,10.0,95.6,99,0.9656565656565655,0.5780521305502354,44.44444444444445,55.55555555555555,475,525,0.475,0.4444444444444445,10.687499999999998,9.450000000000001,1.1309523809523807,5.0,0.001,0.0001,10.0,1.0,2.5,1.2,2.0,0.8
T0p5_c0p005_ratio_1e2_local_activation__rep01,T0p5_c0p005_ratio_1e2_local_activation,1,1001,500,1000,1500,1000,True,220.3022600799636,718.7295272685078,498.4272671885442,2.0063107815923757,0.4984272671885442,0.29173812641951713,24501,359557,334913,0.06814218607898052,71780,70255,67875,2380,0.9787545277235999,0.9455976595151853,0.0331568682084146,0.020897185845639453,431337,719,0.6316644678941503,1.8624370269080226,20,2.5,1.1764352935882194,164,10,10.0,990.5999999999999,99,10.006060606060606,5.032783535603097e-147,44.44444444444445,55.55555555555555,903,97,0.903,0.4444444444444445,20.3175,1.7460000000000002,11.636597938144329,5.0,0.5,0.005,100.0,1.0,5.0,3.0,2.0,0.8
T0p5_c0p005_ratio_1e2_local_activation__rep02,T0p5_c0p005_ratio_1e2_local_activation,2,1002,500,1000,1500,1000,True,267.4231720166978,794.4825212108495,527.0593491941518,1.897319536270349,0.5270593491941518,0.3271995989163372,26169,397662,371233,0.06580714274937007,79506,77956,75177,2779,0.9805046160038237,0.9455512791487435,0.03495333685508012,0.01886650064146102,477168,795,0.6316644678941503,1.83641800189778,20,2.5,1.16,168,10,10.0,941.4,99,9.50909090909091,2.064859335932008e-137,44.44444444444445,55.55555555555555,904,96,0.904,0.4444444444444445,20.339999999999996,1.7280000000000002,11.77083333333333,5.0,0.5,0.005,100.0,1.0,5.0,3.0,2.0,0.8
T0p5_c0p005_ratio_1e2_local_activation__rep03,T0p5_c0p005_ratio_1e2_local_activation,3,1003,500,1000,1500,1000,True,251.4380287252987,734.0184632714358,482.58043454613716,2.0721934177470156,0.48258043454613714,0.26516211911390997,24474,367783,342801,0.06654467444117863,73639,72040,69563,2477,0.9782859626013389,0.944648895286465,0.03363706731487391,0.02036964108692405,441422,735,0.6316644678941503,1.7480386430924117,20,2.5,1.1041738993473809,161,10,10.0,886.8000000000001,99,8.957575757575759,8.235556400138747e-127,44.44444444444445,55.55555555555555,877,123,0.877,0.4444444444444445,19.732499999999998,2.2140000000000004,8.912601626016258,5.0,0.5,0.005,100.0,1.0,5.0,3.0,2.0,0.8
T0p5_c0p005_ratio_1e2_local_activation__rep04,T0p5_c0p005_ratio_1e2_local_activation,4,1004,500,1000,1500,1000,True,221.95537492214046,697.4253964414451,475.4700215193046,2.103182019351348,0.4754700215193046,0.2527255289074617,23925,348840,324618,0.06858445132438941,69756,68188,65433,2755,0.9775216468834222,0.9380268364011698,0.039494810482252424,0.021503526578358852,418596,698,0.6316644678941503,1.8912806126774853,20,2.5,1.1946547618454464,173,10,10.0,1024.1999999999998,99,10.345454545454544,1.2785488092676827e-153,44.44444444444445,55.55555555555555,908,92,0.908,0.4444444444444445,20.429999999999996,1.6560000000000001,12.336956521739127,5.0,0.5,0.005,100.0,1.0,5.0,3.0,2.0,0.8
T0p5_c0p005_ratio_1e2_local_activation__rep05,T0p5_c0p005_ratio_1e2_local_activation,5,1005,500,1000,1500,1000,True,240.06946134754867,743.8370936337606,503.7676322862119,1.985042181971424,0.5037676322862119,0.2757205167667962,24658,371624,346878,0.06635201171076141,74350,72830,70228,2602,0.97955615332885,0.9445595158036315,0.03499663752521856,0.020174848688634835,445974,744,0.6316644678941503,1.8849090708874483,20,2.5,1.1906300852909772,173,10,10.0,996.4,99,10.064646464646465,3.673228454570166e-148,44.44444444444445,55.55555555555555,909,91,0.909,0.4444444444444445,20.452499999999997,1.6380000000000001,12.486263736263734,5.0,0.5,0.005,100.0,1.0,5.0,3.0,2.0,0.8
T0p5_c0p0005_ratio_1e3_local_activation__rep01,T0p5_c0p0005_ratio_1e3_local_activation,1,1001,500,1000,1500,1000,True,223.87231032136827,734.5565621007297,510.68425177936143,1.9581571127672937,0.5106842517793614,0.2984722393654664,24658,367607,342738,0.06707706871740744,73363,71821,69483,2338,0.9789812303204612,0.9471123045676976,0.031868925752763656,0.020446274007333398,440970,735,0.6316644678941503,1.9044861955847654,20,2.5,1.2029962593458055,179,10,10.0,1046.8000000000002,99,10.573737373737375,4.549285059702753e-158,44.44444444444445,55.55555555555555,917,83,0.917,0.4444444444444445,20.632499999999997,1.4940000000000002,13.810240963855417,5.0,0.5,0.0005,1000.0,1.0,5.0,3.0,2.0,0.8
T0p5_c0p0005_ratio_1e3_local_activation__rep02,T0p5_c0p0005_ratio_1e3_local_activation,2,1002,500,1000,1500,1000,True,269.8505019844217,799.7791017651805,529.9285997807588,1.8870466708415405,0.5299285997807588,0.3212132917475117,26063,400176,374001,0.06512884330894407,80006,78480,75701,2779,0.9809264305177112,0.9461915356348274,0.03473489488288378,0.018748593855460842,480182,800,0.6316644678941503,1.874241701298746,20,2.5,1.1838918869558994,176,10,10.0,995.0,99,10.05050505050505,6.910408397365687e-148,44.44444444444445,55.55555555555555,915,85,0.915,0.4444444444444445,20.5875,1.5300000000000002,13.455882352941174,5.0,0.5,0.0005,1000.0,1.0,5.0,3.0,2.0,0.8
T0p5_c0p0005_ratio_1e3_local_activation__rep03,T0p5_c0p0005_ratio_1e3_local_activation,3,1003,500,1000,1500,1000,True,257.2860981361342,738.4632687468948,481.1771706107605,2.078236585353156,0.48117717061076054,0.26460256136337534,24377,369746,345109,0.06592904318099452,74053,72505,69976,2529,0.9790960528270293,0.9449448368060713,0.03415121602095796,0.020255762764506503,443799,739,0.6316644678941503,1.7736585527248852,20,2.5,1.1203570859328733,170,10,10.0,922.0000000000001,99,9.313131313131315,1.2302507480942482e-133,44.44444444444445,55.55555555555555,887,113,0.887,0.4444444444444445,19.957499999999996,2.0340000000000003,9.811946902654864,5.0,0.5,0.0005,1000.0,1.0,5.0,3.0,2.0,0.8
T0p5_c0p0005_ratio_1e3_local_activation__rep04,T0p5_c0p0005_ratio_1e3_local_activation,4,1004,500,1000,1500,1000,True,223.5108165834987,712.5194136271101,489.0085970436114,2.044953822991412,0.48900859704361144,0.25774395575004405,24047,356272,331972,0.06749618269187586,71257,69715,66966,2749,0.9783600207698893,0.9397813548142638,0.03857866595562541,0.021050563453415102,427529,713,0.6316644678941503,1.9186461392134813,20,2.5,1.2119405926034494,181,10,10.0,1057.6,99,10.682828282828282,3.3767751959777745e-160,44.44444444444445,55.55555555555555,920,80,0.92,0.4444444444444445,20.699999999999996,1.4400000000000002,14.374999999999995,5.0,0.5,0.0005,1000.0,1.0,5.0,3.0,2.0,0.8
T0p5_c0p0005_ratio_1e3_local_activation__rep05,T0p5_c0p0005_ratio_1e3_local_activation,5,1005,500,1000,1500,1000,True,242.1935899711548,755.4903441712427,513.2967542000879,1.948190772330874,0.5132967542000879,0.27526844647945836,24714,377620,352649,0.06544674540543403,75521,73970,71373,2597,0.9794626660134267,0.9450748798347479,0.03438778617867878,0.01986202513208247,453141,756,0.6316644678941503,1.9155085309992295,20,2.5,1.2099586769803339,180,10,10.0,1034.0,99,10.444444444444445,1.5094915500159615e-155,44.44444444444445,55.55555555555555,922,78,0.922,0.4444444444444445,20.744999999999997,1.4040000000000001,14.775641025641022,5.0,0.5,0.0005,1000.0,1.0,5.0,3.0,2.0,0.8
T1e-1_c1e-4_ratio_1e3_local_activation__rep01,T1e-1_c1e-4_ratio_1e3_local_activation,1,1001,500,1000,1500,1000,True,1031.5002503136814,3239.5397869583953,2208.0395366447137,0.45289044122804845,2.208039536644714,1.0785890295612717,23053,1619883,1596617,0.014231274727866148,323936,322392,319005,3387,0.9952336263953373,0.9847778573545392,0.010455769040798183,0.004630544305047911,1943819,3240,0.6316644678941503,1.8645888901640777,20,2.5,1.1777945491468365,175,10,10.0,1006.4,99,10.165656565656565,4.012848200431102e-150,44.44444444444445,55.55555555555555,906,94,0.906,0.4444444444444445,20.384999999999998,1.6920000000000002,12.04787234042553,5.0,0.1,0.0001,1000.0,1.0,5.0,3.0,2.0,0.8
T1e-1_c1e-4_ratio_1e3_local_activation__rep02,T1e-1_c1e-4_ratio_1e3_local_activation,2,1002,500,1000,1500,1000,True,1184.641819686312,3499.8279036080967,2315.1860839217848,0.4319307233853361,2.315186083921785,1.07451908780763,24528,1748785,1724166,0.014025737869435066,349837,348319,345580,2739,0.995660836332349,0.9878314758015876,0.007829360530761468,0.004287711134042425,2098622,3500,0.6316644678941503,1.9102677317636771,20,2.5,1.2066482503198686,174,10,10.0,1073.6,99,10.844444444444443,2.3429747381352818e-163,44.44444444444445,55.55555555555555,918,82,0.918,0.4444444444444445,20.654999999999998,1.4760000000000002,13.993902439024387,5.0,0.1,0.0001,1000.0,1.0,5.0,3.0,2.0,0.8
T1e-1_c1e-4_ratio_1e3_local_activation__rep03,T1e-1_c1e-4_ratio_1e3_local_activation,3,1003,500,1000,1500,1000,True,1058.486897217875,3216.398965588357,2157.9120683704823,0.46341091217638736,2.157912068370482,1.061354619296253,22383,1607722,1585017,0.013922183063987431,321357,319801,317010,2791,0.9951580329664517,0.9864729879853247,0.008685044981126908,0.004667706009204717,1929079,3217,0.6316644678941503,1.892340450593492,20,2.5,1.1953242237987147,180,10,10.0,1055.6,99,10.662626262626262,8.375474304820544e-160,44.44444444444445,55.55555555555555,927,73,0.927,0.4444444444444445,20.857499999999998,1.314,15.873287671232875,5.0,0.1,0.0001,1000.0,1.0,5.0,3.0,2.0,0.8
T1e-1_c1e-4_ratio_1e3_local_activation__rep04,T1e-1_c1e-4_ratio_1e3_local_activation,4,1004,500,1000,1500,1000,True,1168.5941213729288,3469.477644422207,2300.883523049278,0.43461565523957335,2.3008835230492783,1.1870178973153998,23786,1736398,1712362,0.013698472354840308,347859,346297,343736,2561,0.9955096748970129,0.9881474965431396,0.0073621783538732645,0.0043120919682975,2084257,3470,0.6316644678941503,1.8790495117663004,20,2.5,1.186928809996623,176,10,10.0,1008.0,99,10.181818181818182,1.9471720274165127e-150,44.44444444444445,55.55555555555555,928,72,0.928,0.4444444444444445,20.88,1.296,16.11111111111111,5.0,0.1,0.0001,1000.0,1.0,5.0,3.0,2.0,0.8
T1e-1_c1e-4_ratio_1e3_local_activation__rep05,T1e-1_c1e-4_ratio_1e3_local_activation,5,1005,500,1000,1500,1000,True,1083.4870469490102,3282.920376370321,2199.4333294213106,0.4546625654086584,2.1994333294213106,1.0498919098561146,22726,1640438,1617683,0.013853617143714057,328277,326773,323817,2956,0.9954185032761966,0.986413912640849,0.009004590635347587,0.0045693118920911305,1968715,3283,0.6316644678941503,1.9018524144939033,20,2.5,1.2013325934144965,184,10,10.0,1058.2,99,10.68888888888889,2.5711968833061154e-160,44.44444444444445,55.55555555555555,933,67,0.933,0.4444444444444445,20.992499999999996,1.2060000000000002,17.40671641791044,5.0,0.1,0.0001,1000.0,1.0,5.0,3.0,2.0,0.8
T0p5_c0p005_ratio_1e2_betaR2p5_betaT1p2__rep01,T0p5_c0p005_ratio_1e2_betaR2p5_betaT1p2,1,1001,500,1000,1500,1000,True,12.120785878229777,38.948842657751044,26.82805677952127,37.27441045090275,0.02682805677952127,0.017920182098446702,18011,19563,1532,0.920666564432858,4051,2546,231,2315,0.6284867933843495,0.057022957294495184,0.5714638360898544,0.37027894347074797,23614,39,0.6316644678941503,0.9498713802919552,20,2.5,0.6,23,10,10.0,123.4,99,1.2464646464646465,0.048902311511807336,44.44444444444445,55.55555555555555,445,555,0.445,0.4444444444444445,10.0125,9.99,1.0022522522522521,5.0,0.5,0.005,100.0,1.0,2.5,1.2,2.0,0.8
T0p5_c0p005_ratio_1e2_betaR2p5_betaT1p2__rep02,T0p5_c0p005_ratio_1e2_betaR2p5_betaT1p2,2,1002,500,1000,1500,1000,True,13.550105518867744,39.94359202803491,26.39348650916716,37.88813575852032,0.02639348650916716,0.016962246804267167,18088,20014,1881,0.9037673628460078,4027,2519,243,2276,0.6255276881052892,0.060342686863670225,0.5651850012416191,0.3724857213806804,24041,40,0.6316644678941503,1.0131961389780857,20,2.5,0.64,36,10,10.0,110.19999999999999,99,1.113131313131313,0.20761028108485813,44.44444444444445,55.55555555555555,416,584,0.416,0.4444444444444445,9.36,10.512,0.8904109589041095,5.0,0.5,0.005,100.0,1.0,2.5,1.2,2.0,0.8
T0p5_c0p005_ratio_1e2_betaR2p5_betaT1p2__rep03,T0p5_c0p005_ratio_1e2_betaR2p5_betaT1p2,3,1003,500,1000,1500,1000,True,12.343741765230462,38.85636046520818,26.512618699977722,37.71788865204931,0.026512618699977723,0.017516382006911968,17997,19638,1566,0.9164375190956309,3797,2286,208,2078,0.6020542533579142,0.05478008954437714,0.547274163813537,0.39504872267579666,23435,39,0.6316644678941503,0.9881503442072427,20,2.5,0.6241794613730894,30,10,10.0,108.80000000000001,99,1.0989898989898992,0.23522739189279768,44.44444444444445,55.55555555555555,435,565,0.435,0.4444444444444445,9.7875,10.170000000000002,0.9623893805309732,5.0,0.5,0.005,100.0,1.0,2.5,1.2,2.0,0.8
T0p5_c0p005_ratio_1e2_betaR2p5_betaT1p2__rep04,T0p5_c0p005_ratio_1e2_betaR2p5_betaT1p2,4,1004,500,1000,1500,1000,True,13.823857910705689,39.402505857298934,25.578647946593243,39.095107844947194,0.025578647946593244,0.018703838140607054,17462,19771,2043,0.8832127864043295,3979,2419,308,2111,0.607941693892938,0.07740638351344559,0.5305353103794923,0.3769791404875597,23750,40,0.6316644678941503,0.9717823327554576,20,2.5,0.6138403701289122,27,10,10.0,84.0,99,0.8484848484848485,0.8592911018393782,44.44444444444445,55.55555555555555,442,558,0.442,0.4444444444444445,9.944999999999999,10.044,0.9901433691756271,5.0,0.5,0.005,100.0,1.0,2.5,1.2,2.0,0.8
T0p5_c0p005_ratio_1e2_betaR2p5_betaT1p2__rep05,T0p5_c0p005_ratio_1e2_betaR2p5_betaT1p2,5,1005,500,1000,1500,1000,True,16.093904556435604,42.2063851393565,26.112480582920895,38.29586380445445,0.026112480582920896,0.01778491789578318,18360,21399,2638,0.8579840179447638,4267,2691,435,2256,0.630653855167565,0.10194516053433325,0.5287086946332318,0.3515350363252871,25666,43,0.6316644678941503,0.9962335082737976,20,2.5,0.629285308902091,32,10,10.0,105.20000000000002,99,1.0626262626262628,0.3160057527005039,44.44444444444445,55.55555555555555,441,559,0.441,0.4444444444444445,9.9225,10.062000000000001,0.9861359570661895,5.0,0.5,0.005,100.0,1.0,2.5,1.2,2.0,0.8
T0p5_c0p005_ratio_1e2_betaR2p5_betaT2p0__rep01,T0p5_c0p005_ratio_1e2_betaR2p5_betaT2p0,1,1001,500,1000,1500,1000,True,14.508089795587077,47.77630852521584,33.268218729628764,30.05871784501036,0.03326821872962876,0.021891129139531174,16187,24112,7824,0.6713254810882548,4987,3472,1011,2461,0.6962101463805895,0.20272709043513135,0.4934830559454582,0.300782033286545,29099,48,0.6316644678941503,1.017146236371847,20,2.5,0.6424951361683604,30,10,10.0,120.19999999999999,99,1.214141414141414,0.07250364148510494,44.44444444444445,55.55555555555555,507,493,0.507,0.4444444444444445,11.407499999999999,8.874,1.285496957403651,5.0,0.5,0.005,100.0,1.0,2.5,2.0,2.0,0.8
T0p5_c0p005_ratio_1e2_betaR2p5_betaT2p0__rep02,T0p5_c0p005_ratio_1e2_betaR2p5_betaT2p0,2,1002,500,1000,1500,1000,True,17.15892383131606,49.405007300080655,32.246083468764596,31.01151806446998,0.0322460834687646,0.020053461512034687,16729,24970,7938,0.6699639567480977,5036,3463,1057,2406,0.687648927720413,0.20988880063542495,0.4777601270849881,0.2978554408260524,30006,50,0.6316644678941503,0.9952267030562386,20,2.5,0.6286493458200685,31,10,10.0,106.00000000000003,99,1.070707070707071,0.2969016577194108,44.44444444444445,55.55555555555555,444,556,0.444,0.4444444444444445,9.989999999999998,10.008000000000001,0.9982014388489207,5.0,0.5,0.005,100.0,1.0,2.5,2.0,2.0,0.8
T0p5_c0p005_ratio_1e2_betaR2p5_betaT2p0__rep03,T0p5_c0p005_ratio_1e2_betaR2p5_betaT2p0,3,1003,500,1000,1500,1000,True,17.168594542478203,46.656517242514504,29.4879227000363,33.91218873477205,0.0294879227000363,0.019506106734462847,16389,23633,7075,0.6934794566919138,4628,3097,903,2194,0.6691875540190146,0.19511668107173724,0.47407087294727746,0.324114088159032,28261,47,0.6316644678941503,1.035703482788704,20,2.5,0.654217089351845,29,10,10.0,103.2,99,1.0424242424242425,0.36632697504803136,44.44444444444445,55.55555555555555,467,533,0.467,0.4444444444444445,10.507499999999999,9.594000000000001,1.095215759849906,5.0,0.5,0.005,100.0,1.0,2.5,2.0,2.0,0.8
T0p5_c0p005_ratio_1e2_betaR2p5_betaT2p0__rep04,T0p5_c0p005_ratio_1e2_betaR2p5_betaT2p0,4,1004,500,1000,1500,1000,True,16.241564668210167,46.5863249213935,30.34476025318333,32.95461857851042,0.03034476025318333,0.021881718689323648,15408,23320,7710,0.6607204116638079,4740,3195,1001,2194,0.6740506329113924,0.21118143459915611,0.4628691983122363,0.31645569620253167,28060,47,0.6316644678941503,1.0072419475240941,20,2.5,0.6362389488234746,33,10,10.0,114.2,99,1.1535353535353536,0.14091136447051877,44.44444444444445,55.55555555555555,490,510,0.49,0.4444444444444445,11.024999999999999,9.180000000000001,1.2009803921568625,5.0,0.5,0.005,100.0,1.0,2.5,2.0,2.0,0.8
T0p5_c0p005_ratio_1e2_betaR2p5_betaT2p0__rep05,T0p5_c0p005_ratio_1e2_betaR2p5_betaT2p0,5,1005,500,1000,1500,1000,True,21.306223408707964,53.69732903794242,32.39110562923445,30.872672623359122,0.03239110562923445,0.021688710588538385,16850,27016,10006,0.6237044714243412,5395,3861,1519,2342,0.7156626506024096,0.28155699721964783,0.4341056533827618,0.27803521779425394,32411,54,0.6316644678941503,0.9962335082737976,20,2.5,0.629285308902091,32,10,10.0,123.80000000000001,99,1.2505050505050506,0.04646619848576056,44.44444444444445,55.55555555555555,495,505,0.495,0.4444444444444445,11.1375,9.090000000000002,1.225247524752475,5.0,0.5,0.005,100.0,1.0,2.5,2.0,2.0,0.8
T0p5_c0p005_ratio_1e2_betaR2p5_betaT3p0__rep01,T0p5_c0p005_ratio_1e2_betaR2p5_betaT3p0,1,1001,500,1000,1500,1000,True,30.845050237093943,102.31919495531652,71.47414471822258,13.99107333067599,0.07147414471822258,0.04397703331188296,14593,51759,36820,0.2819413048938349,10482,8906,6317,2589,0.8496470139286396,0.6026521656172487,0.24699484831139096,0.14310246136233543,62241,103,0.6316644678941503,1.1846977555181846,20,2.5,0.7483314773547882,67,10,10.0,266.6,99,2.692929292929293,2.621349767345501e-17,44.44444444444445,55.55555555555555,639,361,0.639,0.4444444444444445,14.377499999999998,6.498,2.212603878116343,5.0,0.5,0.005,100.0,1.0,2.5,3.0,2.0,0.8
T0p5_c0p005_ratio_1e2_betaR2p5_betaT3p0__rep02,T0p5_c0p005_ratio_1e2_betaR2p5_betaT3p0,2,1002,500,1000,1500,1000,True,32.18316419430119,97.39820908590812,65.21504489160694,15.333885020888765,0.06521504489160694,0.03837231827478149,14447,48969,34230,0.29502338213972107,9774,8225,5967,2258,0.8415183138940046,0.6104972375690608,0.23102107632494373,0.1534683855125844,58743,98,0.6316644678941503,1.2303594845218537,20,2.5,0.7771743691090178,61,10,10.0,337.79999999999995,99,3.4121212121212117,7.859339347362993e-28,44.44444444444445,55.55555555555555,623,377,0.623,0.4444444444444445,14.017499999999998,6.7860000000000005,2.0656498673740047,5.0,0.5,0.005,100.0,1.0,2.5,3.0,2.0,0.8
T0p5_c0p005_ratio_1e2_betaR2p5_betaT3p0__rep03,T0p5_c0p005_ratio_1e2_betaR2p5_betaT3p0,3,1003,500,1000,1500,1000,True,33.017580215077736,96.01861506293199,63.00103484785425,15.872755144657104,0.06300103484785426,0.03755176203206645,13782,48543,34292,0.2839132315678883,9648,8054,5938,2116,0.8347844112769486,0.6154643449419569,0.2193200663349917,0.15547263681592038,58191,97,0.6316644678941503,1.1194341570991124,20,2.5,0.7071067811865476,53,10,10.0,270.20000000000005,99,2.7292929292929298,8.243910456748143e-18,44.44444444444445,55.55555555555555,614,386,0.614,0.4444444444444445,13.814999999999998,6.948,1.9883419689119166,5.0,0.5,0.005,100.0,1.0,2.5,3.0,2.0,0.8
T0p5_c0p005_ratio_1e2_betaR2p5_betaT3p0__rep04,T0p5_c0p005_ratio_1e2_betaR2p5_betaT3p0,4,1004,500,1000,1500,1000,True,30.320782359093858,84.05757086134749,53.73678850225363,18.60922522301573,0.05373678850225363,0.03714010710313431,14589,42338,27274,0.3445840615995087,8506,6907,4332,2575,0.8120150482012697,0.509287561721138,0.30272748648013165,0.1763461086292029,50844,85,0.6316644678941503,1.1787593835090036,20,2.5,0.7445804187594514,58,10,10.0,259.99999999999994,99,2.626262626262626,2.1370377868245343e-16,44.44444444444445,55.55555555555555,601,399,0.601,0.4444444444444445,13.522499999999999,7.182,1.882832080200501,5.0,0.5,0.005,100.0,1.0,2.5,3.0,2.0,0.8
T0p5_c0p005_ratio_1e2_betaR2p5_betaT3p0__rep05,T0p5_c0p005_ratio_1e2_betaR2p5_betaT3p0,5,1005,500,1000,1500,1000,True,35.8002332598425,103.09349190236084,67.29325864251834,14.860329551170873,0.06729325864251834,0.04059019806967967,15161,51803,36186,0.2926664478891184,10309,8714,6181,2533,0.8452808225822097,0.5995731884760889,0.24570763410612087,0.14550392860607236,62112,104,0.6316644678941503,1.3192235887797725,20,2.5,0.8333066662399864,72,10,10.0,366.0,99,3.696969696969697,2.80335065878935e-32,44.44444444444445,55.55555555555555,666,334,0.666,0.4444444444444445,14.984999999999998,6.0120000000000005,2.49251497005988,5.0,0.5,0.005,100.0,1.0,2.5,3.0,2.0,0.8
T0p5_c0p005_ratio_1e2_betaR2p5_betaT5p0__rep01,T0p5_c0p005_ratio_1e2_betaR2p5_betaT5p0,1,1001,500,1000,1500,1000,True,67.27857444555656,216.03991417645665,148.7613397309001,6.722176620679385,0.14876133973090008,0.07419883437761854,14206,108708,94051,0.13068035471170475,21651,20046,17699,2347,0.9258694748510461,0.8174680153341647,0.10840145951688143,0.06928086462519052,130359,217,0.6316644678941503,1.4202262518754858,20,2.5,0.8971064596802322,92,10,10.0,513.6000000000001,99,5.187878787878789,3.0978667286005893e-57,44.44444444444445,55.55555555555555,737,263,0.737,0.4444444444444445,16.5825,4.734000000000001,3.502851711026615,5.0,0.5,0.005,100.0,1.0,2.5,5.0,2.0,0.8
T0p5_c0p005_ratio_1e2_betaR2p5_betaT5p0__rep02,T0p5_c0p005_ratio_1e2_betaR2p5_betaT5p0,2,1002,500,1000,1500,1000,True,80.86394419849793,250.82936565886834,169.9654214603704,5.883549673856236,0.1699654214603704,0.09019624609264554,15404,125318,109846,0.12291929331779952,24976,23457,20973,2484,0.9391816143497758,0.8397261370916079,0.09945547725816783,0.06005765534913517,150294,251,0.6316644678941503,1.5375011461576507,20,2.5,0.9711848433743187,116,10,10.0,635.8,99,6.422222222222222,2.707579201619146e-79,44.44444444444445,55.55555555555555,780,220,0.78,0.4444444444444445,17.549999999999997,3.9600000000000004,4.431818181818181,5.0,0.5,0.005,100.0,1.0,2.5,5.0,2.0,0.8
T0p5_c0p005_ratio_1e2_betaR2p5_betaT5p0__rep03,T0p5_c0p005_ratio_1e2_betaR2p5_betaT5p0,3,1003,500,1000,1500,1000,True,65.86987155792247,211.08992927822445,145.22005772030198,6.886101105441156,0.14522005772030197,0.0690535038918938,13848,106116,91829,0.13049869953635643,21129,19549,17607,1942,0.9252212598797861,0.8333096691750674,0.09191159070471863,0.07099247479767144,127245,212,0.6316644678941503,1.5151697424285264,20,2.5,0.9570788891204319,103,10,10.0,629.0,99,6.353535353535354,4.825385725591531e-78,44.44444444444445,55.55555555555555,777,223,0.777,0.4444444444444445,17.482499999999998,4.014,4.355381165919281,5.0,0.5,0.005,100.0,1.0,2.5,5.0,2.0,0.8
T0p5_c0p005_ratio_1e2_betaR2p5_betaT5p0__rep04,T0p5_c0p005_ratio_1e2_betaR2p5_betaT5p0,4,1004,500,1000,1500,1000,True,72.75089269567817,217.17394167704677,144.4230489813686,6.924102538016669,0.1444230489813686,0.07611945329288261,14539,108843,93862,0.13357772204000257,21817,20217,17680,2537,0.9266626942292707,0.8103772287665582,0.11628546546271257,0.06875372416005866,130660,218,0.6316644678941503,1.485097230642207,20,2.5,0.938083151964686,102,10,10.0,576.6,99,5.824242424242424,1.726235348237184e-68,44.44444444444445,55.55555555555555,751,249,0.751,0.4444444444444445,16.897499999999997,4.482,3.77008032128514,5.0,0.5,0.005,100.0,1.0,2.5,5.0,2.0,0.8
T0p5_c0p005_ratio_1e2_betaR2p5_betaT5p0__rep05,T0p5_c0p005_ratio_1e2_betaR2p5_betaT5p0,5,1005,500,1000,1500,1000,True,79.53777902885814,225.08216613735115,145.54438710849303,6.870756199306888,0.14554438710849302,0.07820163065905916,15023,112704,97244,0.13329606757524134,22504,20906,18477,2429,0.9289904017063633,0.821054034838251,0.10793636686811234,0.06665481692143618,135208,226,0.6316644678941503,1.4830707153966622,20,2.5,0.9368030742904295,102,10,10.0,538.0,99,5.434343434343434,1.4648271432566532e-61,44.44444444444445,55.55555555555555,746,254,0.746,0.4444444444444445,16.784999999999997,4.572,3.6712598425196843,5.0,0.5,0.005,100.0,1.0,2.5,5.0,2.0,0.8
T0p5_c0p005_ratio_1e2_betaR3p5_betaT1p2__rep01,T0p5_c0p005_ratio_1e2_betaR3p5_betaT1p2,1,1001,500,1000,1500,1000,True,22.069558882513178,66.35889247706646,44.289333594553284,22.578799878871518,0.04428933359455328,0.02928420203318538,15935,33672,17419,0.4732418626752198,6913,5345,2763,2582,0.7731809634022856,0.3996817590047736,0.37349920439751194,0.21698249674526254,40585,67,0.6316644678941503,1.1598980164313168,20,2.5,0.7326663633605681,49,10,10.0,240.0,99,2.4242424242424243,1.0186020627195137e-13,44.44444444444445,55.55555555555555,597,403,0.597,0.4444444444444445,13.432499999999997,7.2540000000000004,1.8517369727047142,5.0,0.5,0.005,100.0,1.0,3.5,1.2,2.0,0.8
T0p5_c0p005_ratio_1e2_betaR3p5_betaT1p2__rep02,T0p5_c0p005_ratio_1e2_betaR3p5_betaT1p2,2,1002,500,1000,1500,1000,True,20.949893159054348,65.24821623677069,44.29832307771634,22.574217950544412,0.04429832307771634,0.02769441554456975,16388,32865,16082,0.4986459759622699,6614,5048,2412,2636,0.763229513153916,0.36468097973994557,0.39854853341397034,0.22679165406713034,39479,66,0.6316644678941503,1.1131476741029926,20,2.5,0.7031358332498778,41,10,10.0,166.8,99,1.684848484848485,2.4081908135615805e-05,44.44444444444445,55.55555555555555,472,528,0.472,0.4444444444444445,10.62,9.504000000000001,1.1174242424242422,5.0,0.5,0.005,100.0,1.0,3.5,1.2,2.0,0.8
T0p5_c0p005_ratio_1e2_betaR3p5_betaT1p2__rep03,T0p5_c0p005_ratio_1e2_betaR3p5_betaT1p2,3,1003,500,1000,1500,1000,True,21.968227715632665,60.26299867584719,38.29477096021453,26.11322577275438,0.038294770960214525,0.0244508549355551,15645,30630,14626,0.5107737512242899,6022,4453,2202,2251,0.7394553304549983,0.36565924941879774,0.3737960810362006,0.24908668216539356,36652,61,0.6316644678941503,1.091319130048137,20,2.5,0.6893475175845635,48,10,10.0,195.0,99,1.9696969696969697,2.9911799794781426e-08,44.44444444444445,55.55555555555555,550,450,0.55,0.4444444444444445,12.374999999999998,8.100000000000001,1.5277777777777772,5.0,0.5,0.005,100.0,1.0,3.5,1.2,2.0,0.8
T0p5_c0p005_ratio_1e2_betaR3p5_betaT1p2__rep04,T0p5_c0p005_ratio_1e2_betaR3p5_betaT1p2,4,1004,500,1000,1500,1000,True,23.485846324436363,60.186901525347736,36.70105520091137,27.24717299068741,0.03670105520091137,0.025189793200919297,15584,30301,14343,0.5143064585327217,6134,4548,2175,2373,0.7414411477013368,0.35458102380176065,0.38686012389957614,0.24453863710466253,36435,61,0.6316644678941503,1.0904001243019437,20,2.5,0.6887670143089026,47,10,10.0,128.8,99,1.3010101010101012,0.02370843087603301,44.44444444444445,55.55555555555555,513,487,0.513,0.4444444444444445,11.542499999999999,8.766,1.3167351129363447,5.0,0.5,0.005,100.0,1.0,3.5,1.2,2.0,0.8
T0p5_c0p005_ratio_1e2_betaR3p5_betaT1p2__rep05,T0p5_c0p005_ratio_1e2_betaR3p5_betaT1p2,5,1005,500,1000,1500,1000,True,27.494192211010112,66.442401924618,38.94820971360788,25.67512107368098,0.03894820971360788,0.024452268680764888,16887,33456,16325,0.5047525107604017,6675,5132,2501,2631,0.7688389513108614,0.3746816479400749,0.3941573033707865,0.2247191011235955,40131,67,0.6316644678941503,1.0811671035341441,20,2.5,0.6829348431585549,41,10,10.0,170.8,99,1.7252525252525253,9.995573208796728e-06,44.44444444444445,55.55555555555555,520,480,0.52,0.4444444444444445,11.7,8.64,1.3541666666666665,5.0,0.5,0.005,100.0,1.0,3.5,1.2,2.0,0.8
T0p5_c0p005_ratio_1e2_betaR3p5_betaT2p0__rep01,T0p5_c0p005_ratio_1e2_betaR3p5_betaT2p0,1,1001,500,1000,1500,1000,True,62.101826530695746,167.1962198221298,105.09439329143405,9.515255463980182,0.10509439329143405,0.06594276591158277,15121,84159,68660,0.1796718116897777,16876,15291,12821,2470,0.9060796397250533,0.7597179426404361,0.14636169708461721,0.088883621711306,101035,168,0.6316644678941503,1.5250621417964751,20,2.5,0.9633275663033837,118,10,10.0,615.0,99,6.212121212121212,1.7834892357477113e-75,44.44444444444445,55.55555555555555,761,239,0.761,0.4444444444444445,17.1225,4.3020000000000005,3.9801255230125516,5.0,0.5,0.005,100.0,1.0,3.5,2.0,2.0,0.8
T0p5_c0p005_ratio_1e2_betaR3p5_betaT2p0__rep02,T0p5_c0p005_ratio_1e2_betaR3p5_betaT2p0,2,1002,500,1000,1500,1000,True,52.07576850107558,170.14083267358228,118.06506417250671,8.469906038748977,0.11806506417250671,0.068788872707362,15166,85394,69796,0.17760029978687028,17018,15435,12685,2750,0.9069808438124339,0.7453872370431308,0.1615936067693031,0.08814196732871078,102412,171,0.6316644678941503,1.6194308849029164,20,2.5,1.0229369482035537,132,10,10.0,732.8,99,7.402020202020202,2.2382108002797647e-97,44.44444444444445,55.55555555555555,821,179,0.821,0.4444444444444445,18.472499999999997,3.2220000000000004,5.733240223463685,5.0,0.5,0.005,100.0,1.0,3.5,2.0,2.0,0.8
T0p5_c0p005_ratio_1e2_betaR3p5_betaT2p0__rep03,T0p5_c0p005_ratio_1e2_betaR3p5_betaT2p0,3,1003,500,1000,1500,1000,True,52.9461519262198,147.5353523460861,94.58920041986632,10.572031432353377,0.09458920041986632,0.05747881627790008,14167,73916,59520,0.19166350993019102,14712,13177,10808,2369,0.8956634040239261,0.7346383904295813,0.16102501359434476,0.10195758564437195,88628,148,0.6316644678941503,1.4857721214885142,20,2.5,0.9385094565320052,104,10,10.0,547.6000000000001,99,5.531313131313133,2.831755885821955e-63,44.44444444444445,55.55555555555555,751,249,0.751,0.4444444444444445,16.897499999999997,4.482,3.77008032128514,5.0,0.5,0.005,100.0,1.0,3.5,2.0,2.0,0.8
T0p5_c0p005_ratio_1e2_betaR3p5_betaT2p0__rep04,T0p5_c0p005_ratio_1e2_betaR3p5_betaT2p0,4,1004,500,1000,1500,1000,True,50.44770332017581,166.79725879449953,116.34955547432372,8.594790035280214,0.11634955547432373,0.07350926526425638,15048,83643,68478,0.17990746386428033,16726,15202,12450,2752,0.9088843716369723,0.7443501135955997,0.1645342580413727,0.0896807365777831,100369,167,0.6316644678941503,1.5906997876835027,20,2.5,1.0047885349664376,128,10,10.0,643.0,99,6.494949494949495,1.2747960765746833e-80,44.44444444444445,55.55555555555555,805,195,0.805,0.4444444444444445,18.112499999999997,3.5100000000000002,5.160256410256409,5.0,0.5,0.005,100.0,1.0,3.5,2.0,2.0,0.8
T0p5_c0p005_ratio_1e2_betaR3p5_betaT2p0__rep05,T0p5_c0p005_ratio_1e2_betaR3p5_betaT2p0,5,1005,500,1000,1500,1000,True,56.58138543359109,173.70046142451588,117.11907599092478,8.538318728517693,0.11711907599092479,0.07663604332947216,15408,86967,71396,0.17717065093656215,17317,15781,12972,2809,0.9113010336663394,0.7490904891147427,0.1622105445515967,0.0866200843102154,104284,174,0.6316644678941503,1.621286966755555,20,2.5,1.0241093691593686,129,10,10.0,729.2,99,7.3656565656565665,1.067146637837033e-96,44.44444444444445,55.55555555555555,780,220,0.78,0.4444444444444445,17.549999999999997,3.9600000000000004,4.431818181818181,5.0,0.5,0.005,100.0,1.0,3.5,2.0,2.0,0.8
T0p5_c0p005_ratio_1e2_betaR3p5_betaT3p0__rep01,T0p5_c0p005_ratio_1e2_betaR3p5_betaT3p0,1,1001,500,1000,1500,1000,True,103.2850377801779,296.1566082212836,192.8715704411057,5.184797312081591,0.1928715704411057,0.11286830683057758,16198,148631,131992,0.10898130268921019,29773,28205,25489,2716,0.9473348335740436,0.8561112417290834,0.0912235918449602,0.0503812178819736,178404,297,0.6316644678941503,1.7336417693575428,20,2.5,1.0950799057603056,134,10,10.0,842.0000000000001,99,8.505050505050507,3.5876557998550277e-118,44.44444444444445,55.55555555555555,837,163,0.837,0.4444444444444445,18.832499999999996,2.934,6.418711656441716,5.0,0.5,0.005,100.0,1.0,3.5,3.0,2.0,0.8
T0p5_c0p005_ratio_1e2_betaR3p5_betaT3p0__rep02,T0p5_c0p005_ratio_1e2_betaR3p5_betaT3p0,2,1002,500,1000,1500,1000,True,104.1555965929875,318.87337660489004,214.71778001190256,4.657276169419069,0.21471778001190256,0.11301216392138969,16663,158963,142230,0.1048231349433516,31853,30344,27744,2600,0.9526261262675415,0.8710011615860358,0.08162496468150567,0.04709132577779173,190816,319,0.6316644678941503,1.6640079043575517,20,2.5,1.051094667477673,132,10,10.0,794.8,99,8.028282828282828,3.9118329196772028e-109,44.44444444444445,55.55555555555555,845,155,0.845,0.4444444444444445,19.0125,2.7900000000000005,6.814516129032256,5.0,0.5,0.005,100.0,1.0,3.5,3.0,2.0,0.8
T0p5_c0p005_ratio_1e2_betaR3p5_betaT3p0__rep03,T0p5_c0p005_ratio_1e2_betaR3p5_betaT3p0,3,1003,500,1000,1500,1000,True,101.07680745232665,297.78860631769595,196.7117988653693,5.0835791537060055,0.1967117988653693,0.10567203515606138,15757,148744,132902,0.10593368472005593,29767,28240,26092,2148,0.948701582289112,0.8765411361574899,0.07216044613162227,0.05039137299694292,178511,298,0.6316644678941503,1.6249927703714246,20,2.5,1.026450193628507,133,10,10.0,737.0,99,7.444444444444445,3.6131514498894536e-98,44.44444444444445,55.55555555555555,810,190,0.81,0.4444444444444445,18.224999999999998,3.4200000000000004,5.328947368421051,5.0,0.5,0.005,100.0,1.0,3.5,3.0,2.0,0.8
T0p5_c0p005_ratio_1e2_betaR3p5_betaT3p0__rep04,T0p5_c0p005_ratio_1e2_betaR3p5_betaT3p0,4,1004,500,1000,1500,1000,True,100.26505933401857,293.70333363191304,193.43827429789445,5.169607739882969,0.19343827429789445,0.11715026264921136,16440,146880,130269,0.1119281045751634,29356,27816,25202,2614,0.9475405368578825,0.8584957078621066,0.089044828995776,0.05109687968388064,176236,294,0.6316644678941503,1.6385090110977791,20,2.5,1.034987922634849,124,10,10.0,712.6,99,7.197979797979798,1.4104935946548008e-93,44.44444444444445,55.55555555555555,818,182,0.818,0.4444444444444445,18.404999999999998,3.2760000000000002,5.618131868131867,5.0,0.5,0.005,100.0,1.0,3.5,3.0,2.0,0.8
T0p5_c0p005_ratio_1e2_betaR3p5_betaT3p0__rep05,T0p5_c0p005_ratio_1e2_betaR3p5_betaT3p0,5,1005,500,1000,1500,1000,True,109.16857925515713,306.9659409280572,197.79736167290008,5.055679163474952,0.19779736167290007,0.11470861719199377,16490,153338,136826,0.10754020529809963,30543,29040,26482,2558,0.9507906885374717,0.8670399109452248,0.083750777592247,0.04911108928396032,183881,307,0.6316644678941503,1.6897153146644341,20,2.5,1.0673331251301066,142,10,10.0,845.1999999999999,99,8.537373737373736,8.702130598460295e-119,44.44444444444445,55.55555555555555,851,149,0.851,0.4444444444444445,19.147499999999997,2.6820000000000004,7.139261744966441,5.0,0.5,0.005,100.0,1.0,3.5,3.0,2.0,0.8
T0p5_c0p005_ratio_1e2_betaR3p5_betaT5p0__rep01,T0p5_c0p005_ratio_1e2_betaR3p5_betaT5p0,1,1001,500,1000,1500,1000,True,185.2977391382468,579.7739864250349,394.47624728678807,2.5350068777981205,0.39447624728678804,0.23372435881196907,21373,289955,268476,0.07371143798175579,57949,56419,53899,2520,0.973597473640615,0.9301109596369221,0.043486514003692904,0.025884829764102918,347904,580,0.6316644678941503,1.7730932432116495,20,2.5,1.1199999999999999,157,10,10.0,907.5999999999999,99,9.167676767676767,7.694021275766748e-131,44.44444444444445,55.55555555555555,883,117,0.883,0.4444444444444445,19.867499999999996,2.1060000000000003,9.433760683760681,5.0,0.5,0.005,100.0,1.0,3.5,5.0,2.0,0.8
T0p5_c0p005_ratio_1e2_betaR3p5_betaT5p0__rep02,T0p5_c0p005_ratio_1e2_betaR3p5_betaT5p0,2,1002,500,1000,1500,1000,True,219.7119099689286,633.5429977646866,413.831087795758,2.4164448478881306,0.413831087795758,0.20201184798091276,22958,317353,294144,0.07234215526558753,63397,61857,58981,2876,0.975708629745887,0.9303437071154786,0.04536492263040838,0.02366042557218796,380750,634,0.6316644678941503,1.7197073831641452,20,2.5,1.0862780491200215,148,10,10.0,852.8,99,8.614141414141415,3.001661245298188e-120,44.44444444444445,55.55555555555555,853,147,0.853,0.4444444444444445,19.1925,2.6460000000000004,7.253401360544216,5.0,0.5,0.005,100.0,1.0,3.5,5.0,2.0,0.8
T0p5_c0p005_ratio_1e2_betaR3p5_betaT5p0__rep03,T0p5_c0p005_ratio_1e2_betaR3p5_betaT5p0,3,1003,500,1000,1500,1000,True,195.9589744351128,549.9930948725579,354.0341204374451,2.824586508115089,0.3540341204374451,0.18735641529133318,19908,274992,255083,0.07239483330424158,55037,53537,51504,2033,0.9727456075004088,0.9358068208659629,0.03693878663444592,0.027254392499591183,330029,550,0.6316644678941503,1.6801957160135468,20,2.5,1.061319932913728,138,10,10.0,803.1999999999999,99,8.113131313131312,9.753487279447945e-111,44.44444444444445,55.55555555555555,853,147,0.853,0.4444444444444445,19.1925,2.6460000000000004,7.253401360544216,5.0,0.5,0.005,100.0,1.0,3.5,5.0,2.0,0.8
T0p5_c0p005_ratio_1e2_betaR3p5_betaT5p0__rep04,T0p5_c0p005_ratio_1e2_betaR3p5_betaT5p0,4,1004,500,1000,1500,1000,True,190.8284409025144,586.161172529855,395.3327316273406,2.5295148111911145,0.3953327316273406,0.2069553137116884,21933,293632,271241,0.07469553727114212,58635,57037,54020,3017,0.9727466530229385,0.9212927432420909,0.051453909780847615,0.025581990278843694,352267,587,0.6316644678941503,1.7905348467968962,20,2.5,1.1310172412478954,161,10,10.0,962.1999999999999,99,9.71919191919192,1.809162141480849e-141,44.44444444444445,55.55555555555555,879,121,0.879,0.4444444444444445,19.777499999999996,2.1780000000000004,9.080578512396691,5.0,0.5,0.005,100.0,1.0,3.5,5.0,2.0,0.8
T0p5_c0p005_ratio_1e2_betaR3p5_betaT5p0__rep05,T0p5_c0p005_ratio_1e2_betaR3p5_betaT5p0,5,1005,500,1000,1500,1000,True,192.83689759221804,595.3998403915626,402.56294279934457,2.4840835896274855,0.40256294279934457,0.2212460112801864,21754,297651,275628,0.07308559353067855,59514,57956,55354,2602,0.9738212857478913,0.9301004805591961,0.043720805188695096,0.025204153644520617,357165,596,0.6316644678941503,1.7674302033770737,20,2.5,1.116422858956229,156,10,10.0,903.2,99,9.123232323232324,5.48897208255007e-130,44.44444444444445,55.55555555555555,877,123,0.877,0.4444444444444445,19.732499999999998,2.2140000000000004,8.912601626016258,5.0,0.5,0.005,100.0,1.0,3.5,5.0,2.0,0.8
T0p5_c0p005_ratio_1e2_betaR5p0_betaT1p2__rep01,T0p5_c0p005_ratio_1e2_betaR5p0_betaT1p2,1,1001,500,1000,1500,1000,True,82.27069775745736,225.50335522299454,143.2326574655372,6.98164802423363,0.14323265746553718,0.09047450853559269,15075,113070,97771,0.13332448925444415,22560,21012,18651,2361,0.9313829787234043,0.8267287234042553,0.10465425531914893,0.06648936170212766,135630,226,0.6316644678941503,1.746891259547,20,2.5,1.1034491379306979,153,10,10.0,906.4,99,9.155555555555555,1.3150154990480426e-130,44.44444444444445,55.55555555555555,860,140,0.86,0.4444444444444445,19.349999999999998,2.5200000000000005,7.678571428571426,5.0,0.5,0.005,100.0,1.0,5.0,1.2,2.0,0.8
T0p5_c0p005_ratio_1e2_betaR5p0_betaT1p2__rep02,T0p5_c0p005_ratio_1e2_betaR5p0_betaT1p2,2,1002,500,1000,1500,1000,True,73.36674438153761,229.41275865918786,156.04601427765024,6.4083661773040586,0.15604601427765025,0.09691237030114053,15439,114831,99092,0.13444975659882785,22889,21338,18868,2470,0.9322381930184805,0.8243260955043907,0.10791209751408974,0.06553366245794923,137720,230,0.6316644678941503,1.7634552549158213,20,2.5,1.1139120252515455,160,10,10.0,908.6,99,9.177777777777777,4.922028869405392e-131,44.44444444444445,55.55555555555555,880,120,0.88,0.4444444444444445,19.799999999999997,2.16,9.166666666666664,5.0,0.5,0.005,100.0,1.0,5.0,1.2,2.0,0.8
T0p5_c0p005_ratio_1e2_betaR5p0_betaT1p2__rep03,T0p5_c0p005_ratio_1e2_betaR5p0_betaT1p2,3,1003,500,1000,1500,1000,True,88.44092125724141,225.99043838954958,137.54951713230815,7.270109127595885,0.13754951713230815,0.08568107679947445,15140,113082,97934,0.13388514529279638,22547,21047,18550,2497,0.9334723023018583,0.8227258615336852,0.11074644076817315,0.06652769769814167,135629,226,0.6316644678941503,1.7243646899539258,20,2.5,1.089219904335208,150,10,10.0,860.0,99,8.686868686868687,1.2317540116323516e-121,44.44444444444445,55.55555555555555,871,129,0.871,0.4444444444444445,19.597499999999997,2.322,8.439922480620153,5.0,0.5,0.005,100.0,1.0,5.0,1.2,2.0,0.8
T0p5_c0p005_ratio_1e2_betaR5p0_betaT1p2__rep04,T0p5_c0p005_ratio_1e2_betaR5p0_betaT1p2,4,1004,500,1000,1500,1000,True,71.04536079659692,220.5973058329956,149.55194503639868,6.686639881257413,0.14955194503639868,0.09785898301438323,15063,110358,95097,0.1364921437503398,22074,20536,17927,2609,0.9303252695478844,0.8121319199057715,0.1181933496421129,0.0679532481652623,132432,221,0.6316644678941503,1.683771872700766,20,2.5,1.0635788640246664,145,10,10.0,803.6,99,8.117171717171717,8.180099654500424e-111,44.44444444444445,55.55555555555555,844,156,0.844,0.4444444444444445,18.99,2.8080000000000003,6.762820512820512,5.0,0.5,0.005,100.0,1.0,5.0,1.2,2.0,0.8
T0p5_c0p005_ratio_1e2_betaR5p0_betaT1p2__rep05,T0p5_c0p005_ratio_1e2_betaR5p0_betaT1p2,5,1005,500,1000,1500,1000,True,77.38730501431623,211.08837648191454,133.7010714675983,7.479371623752053,0.1337010714675983,0.09253868999284975,14387,105732,90904,0.13607044225021753,21132,19555,17242,2313,0.9253738406208594,0.8159189854249479,0.10945485519591142,0.0709823963657013,126864,212,0.6316644678941503,1.7050713094841707,20,2.5,1.0770329614269007,150,10,10.0,894.6,99,9.036363636363637,2.546466227008142e-128,44.44444444444445,55.55555555555555,856,144,0.856,0.4444444444444445,19.259999999999998,2.592,7.4305555555555545,5.0,0.5,0.005,100.0,1.0,5.0,1.2,2.0,0.8
T0p5_c0p005_ratio_1e2_betaR5p0_betaT2p0__rep01,T0p5_c0p005_ratio_1e2_betaR5p0_betaT2p0,1,1001,500,1000,1500,1000,True,147.24097979999047,433.75728674082666,286.5163069408362,3.490202741606933,0.28651630694083624,0.17623528810224798,18281,216966,198570,0.0842574412580773,43343,41815,39281,2534,0.9647463258196248,0.9062824446854163,0.05846388113420852,0.03460766444408555,260309,434,0.6316644678941503,1.807808182873715,20,2.5,1.141928193889616,152,10,10.0,905.4,99,9.145454545454545,2.0553418283636907e-130,44.44444444444445,55.55555555555555,878,122,0.878,0.4444444444444445,19.755,2.196,8.995901639344261,5.0,0.5,0.005,100.0,1.0,5.0,2.0,2.0,0.8
T0p5_c0p005_ratio_1e2_betaR5p0_betaT2p0__rep02,T0p5_c0p005_ratio_1e2_betaR5p0_betaT2p0,2,1002,500,1000,1500,1000,True,166.4852781544573,499.7014307345104,333.21615258005306,3.0010549976557823,0.33321615258005305,0.2102353175260987,20302,249809,229370,0.08127009034902666,50062,48530,45768,2762,0.9693979465462826,0.9142263593144501,0.055171587231832526,0.02996284607087212,299871,500,0.6316644678941503,1.8402353559839928,20,2.5,1.162411286937631,164,10,10.0,963.6,99,9.733333333333334,9.638861919550346e-142,44.44444444444445,55.55555555555555,882,118,0.882,0.4444444444444445,19.845,2.124,9.34322033898305,5.0,0.5,0.005,100.0,1.0,5.0,2.0,2.0,0.8
T0p5_c0p005_ratio_1e2_betaR5p0_betaT2p0__rep03,T0p5_c0p005_ratio_1e2_betaR5p0_betaT2p0,3,1003,500,1000,1500,1000,True,146.77039207002122,435.0278329416667,288.2574408716455,3.46912120282535,0.2882574408716455,0.1728837046058942,18247,217793,199055,0.083781388749868,43551,41944,39576,2368,0.9631007324745701,0.9087276985603085,0.05437303391426144,0.034442377901770335,261344,436,0.6316644678941503,1.764023653078822,20,2.5,1.1142710621747294,164,10,10.0,942.6,99,9.521212121212121,1.2052657546741201e-137,44.44444444444445,55.55555555555555,897,103,0.897,0.4444444444444445,20.182499999999997,1.854,10.885922330097085,5.0,0.5,0.005,100.0,1.0,5.0,2.0,2.0,0.8
T0p5_c0p005_ratio_1e2_betaR5p0_betaT2p0__rep04,T0p5_c0p005_ratio_1e2_betaR5p0_betaT2p0,4,1004,500,1000,1500,1000,True,139.80579761313788,452.882546250036,313.0767486368981,3.1941049737928178,0.3130767486368981,0.18597007951731825,18867,226628,207698,0.08325096634131705,45422,43914,41279,2635,0.9668002289639381,0.908788692703976,0.05801153625996213,0.03302364492976972,272050,453,0.6316644678941503,1.9107924585231313,20,2.5,1.206979701569169,157,10,10.0,1029.0,99,10.393939393939394,1.454400204772193e-154,44.44444444444445,55.55555555555555,883,117,0.883,0.4444444444444445,19.867499999999996,2.1060000000000003,9.433760683760681,5.0,0.5,0.005,100.0,1.0,5.0,2.0,2.0,0.8
T0p5_c0p005_ratio_1e2_betaR5p0_betaT2p0__rep05,T0p5_c0p005_ratio_1e2_betaR5p0_betaT2p0,5,1005,500,1000,1500,1000,True,158.2236650435702,463.4867139297408,305.2630488861706,3.2758632387665414,0.3052630488861706,0.17917919648439806,19207,231557,212103,0.08294717931222118,46312,44747,42115,2632,0.9662074624287442,0.9093755398168941,0.056831922611850064,0.03238901364657108,277869,464,0.6316644678941503,1.8320455718795887,20,2.5,1.1572380913191547,168,10,10.0,988.6,99,9.985858585858587,1.2405901999423492e-146,44.44444444444445,55.55555555555555,901,99,0.901,0.4444444444444445,20.272499999999997,1.7820000000000003,11.376262626262623,5.0,0.5,0.005,100.0,1.0,5.0,2.0,2.0,0.8
T0p5_c0p005_ratio_1e2_betaR5p0_betaT3p0__rep01,T0p5_c0p005_ratio_1e2_betaR5p0_betaT3p0,1,1001,500,1000,1500,1000,True,220.3022600799636,718.7295272685078,498.4272671885442,2.0063107815923757,0.4984272671885442,0.29173812641951713,24501,359557,334913,0.06814218607898052,71780,70255,67875,2380,0.9787545277235999,0.9455976595151853,0.0331568682084146,0.020897185845639453,431337,719,0.6316644678941503,1.8624370269080226,20,2.5,1.1764352935882194,164,10,10.0,990.5999999999999,99,10.006060606060606,5.032783535603097e-147,44.44444444444445,55.55555555555555,903,97,0.903,0.4444444444444445,20.3175,1.7460000000000002,11.636597938144329,5.0,0.5,0.005,100.0,1.0,5.0,3.0,2.0,0.8
T0p5_c0p005_ratio_1e2_betaR5p0_betaT3p0__rep02,T0p5_c0p005_ratio_1e2_betaR5p0_betaT3p0,2,1002,500,1000,1500,1000,True,267.4231720166978,794.4825212108495,527.0593491941518,1.897319536270349,0.5270593491941518,0.3271995989163372,26169,397662,371233,0.06580714274937007,79506,77956,75177,2779,0.9805046160038237,0.9455512791487435,0.03495333685508012,0.01886650064146102,477168,795,0.6316644678941503,1.83641800189778,20,2.5,1.16,168,10,10.0,941.4,99,9.50909090909091,2.064859335932008e-137,44.44444444444445,55.55555555555555,904,96,0.904,0.4444444444444445,20.339999999999996,1.7280000000000002,11.77083333333333,5.0,0.5,0.005,100.0,1.0,5.0,3.0,2.0,0.8
T0p5_c0p005_ratio_1e2_betaR5p0_betaT3p0__rep03,T0p5_c0p005_ratio_1e2_betaR5p0_betaT3p0,3,1003,500,1000,1500,1000,True,251.4380287252987,734.0184632714358,482.58043454613716,2.0721934177470156,0.48258043454613714,0.26516211911390997,24474,367783,342801,0.06654467444117863,73639,72040,69563,2477,0.9782859626013389,0.944648895286465,0.03363706731487391,0.02036964108692405,441422,735,0.6316644678941503,1.7480386430924117,20,2.5,1.1041738993473809,161,10,10.0,886.8000000000001,99,8.957575757575759,8.235556400138747e-127,44.44444444444445,55.55555555555555,877,123,0.877,0.4444444444444445,19.732499999999998,2.2140000000000004,8.912601626016258,5.0,0.5,0.005,100.0,1.0,5.0,3.0,2.0,0.8
T0p5_c0p005_ratio_1e2_betaR5p0_betaT3p0__rep04,T0p5_c0p005_ratio_1e2_betaR5p0_betaT3p0,4,1004,500,1000,1500,1000,True,221.95537492214046,697.4253964414451,475.4700215193046,2.103182019351348,0.4754700215193046,0.2527255289074617,23925,348840,324618,0.06858445132438941,69756,68188,65433,2755,0.9775216468834222,0.9380268364011698,0.039494810482252424,0.021503526578358852,418596,698,0.6316644678941503,1.8912806126774853,20,2.5,1.1946547618454464,173,10,10.0,1024.1999999999998,99,10.345454545454544,1.2785488092676827e-153,44.44444444444445,55.55555555555555,908,92,0.908,0.4444444444444445,20.429999999999996,1.6560000000000001,12.336956521739127,5.0,0.5,0.005,100.0,1.0,5.0,3.0,2.0,0.8
T0p5_c0p005_ratio_1e2_betaR5p0_betaT3p0__rep05,T0p5_c0p005_ratio_1e2_betaR5p0_betaT3p0,5,1005,500,1000,1500,1000,True,240.06946134754867,743.8370936337606,503.7676322862119,1.985042181971424,0.5037676322862119,0.2757205167667962,24658,371624,346878,0.06635201171076141,74350,72830,70228,2602,0.97955615332885,0.9445595158036315,0.03499663752521856,0.020174848688634835,445974,744,0.6316644678941503,1.8849090708874483,20,2.5,1.1906300852909772,173,10,10.0,996.4,99,10.064646464646465,3.673228454570166e-148,44.44444444444445,55.55555555555555,909,91,0.909,0.4444444444444445,20.452499999999997,1.6380000000000001,12.486263736263734,5.0,0.5,0.005,100.0,1.0,5.0,3.0,2.0,0.8
T0p5_c0p005_ratio_1e2_betaR5p0_betaT5p0__rep01,T0p5_c0p005_ratio_1e2_betaR5p0_betaT5p0,1,1001,500,1000,1500,1000,True,416.9904931082805,1237.9438372220502,820.9533441137697,1.218096018695817,0.8209533441137697,0.45820984566873335,35699,618879,583143,0.05768332743557303,123812,122303,119656,2647,0.9878121668335864,0.9664329790327271,0.021379187800859366,0.012115142312538364,742691,1238,0.6316644678941503,1.8543452998910612,20,2.5,1.1713240371477058,175,10,10.0,971.4000000000001,99,9.812121212121212,2.882056751182432e-143,44.44444444444445,55.55555555555555,918,82,0.918,0.4444444444444445,20.654999999999998,1.4760000000000002,13.993902439024387,5.0,0.5,0.005,100.0,1.0,5.0,5.0,2.0,0.8
T0p5_c0p005_ratio_1e2_betaR5p0_betaT5p0__rep02,T0p5_c0p005_ratio_1e2_betaR5p0_betaT5p0,2,1002,500,1000,1500,1000,True,477.3676993522311,1346.105284298116,868.7375849458849,1.1510955866635972,0.8687375849458849,0.5215104493880176,38215,673748,635051,0.05672001994811116,134654,133071,130068,3003,0.9882439437372822,0.9659423411112926,0.022301602625989573,0.011139661651343443,808402,1347,0.6316644678941503,1.8391454918931447,20,2.5,1.1617228585166086,170,10,10.0,1007.8,99,10.179797979797979,2.1313916767706812e-150,44.44444444444445,55.55555555555555,924,76,0.924,0.4444444444444445,20.79,1.368,15.19736842105263,5.0,0.5,0.005,100.0,1.0,5.0,5.0,2.0,0.8
T0p5_c0p005_ratio_1e2_betaR5p0_betaT5p0__rep03,T0p5_c0p005_ratio_1e2_betaR5p0_betaT5p0,3,1003,500,1000,1500,1000,True,422.42402798095964,1267.5653862151294,845.1413582341697,1.1832340119875218,0.8451413582341697,0.4905144382962021,35926,633594,597437,0.056701925838944185,126866,125325,122635,2690,0.9878533255560986,0.966649851023915,0.021203474532183565,0.011823498809767786,760460,1268,0.6316644678941503,1.81279219406062,20,2.5,1.1450764166639709,162,10,10.0,941.0,99,9.505050505050505,2.4706930469270106e-137,44.44444444444445,55.55555555555555,905,95,0.905,0.4444444444444445,20.362499999999997,1.7100000000000002,11.907894736842103,5.0,0.5,0.005,100.0,1.0,5.0,5.0,2.0,0.8
T0p5_c0p005_ratio_1e2_betaR5p0_betaT5p0__rep04,T0p5_c0p005_ratio_1e2_betaR5p0_betaT5p0,4,1004,500,1000,1500,1000,True,425.7291156926344,1308.4796489110047,882.7505332183703,1.1328228784571295,0.8827505332183703,0.5488154991980991,37331,654138,616559,0.057068997673273836,130744,129188,126413,2775,0.9880988802545432,0.9668741969038732,0.02122468335067001,0.011472801811172979,784882,1309,0.6316644678941503,1.809471045266861,20,2.5,1.1429785649783637,170,10,10.0,934.0,99,9.434343434343434,5.70096680379594e-136,44.44444444444445,55.55555555555555,914,86,0.914,0.4444444444444445,20.564999999999998,1.5480000000000003,13.284883720930228,5.0,0.5,0.005,100.0,1.0,5.0,5.0,2.0,0.8
T0p5_c0p005_ratio_1e2_betaR5p0_betaT5p0__rep05,T0p5_c0p005_ratio_1e2_betaR5p0_betaT5p0,5,1005,500,1000,1500,1000,True,455.07802147487854,1331.2492024428298,876.1711809679512,1.1413294818659168,0.8761711809679512,0.5420813925499033,37504,665019,627157,0.056395381184597734,133362,131806,129287,2519,0.9883325085106702,0.9694440695250521,0.01888843898561809,0.011247581769919468,798381,1332,0.6316644678941503,1.7905348467968962,20,2.5,1.1310172412478954,170,10,10.0,971.8,99,9.816161616161615,2.4071075118722758e-143,44.44444444444445,55.55555555555555,911,89,0.911,0.4444444444444445,20.4975,1.602,12.794943820224718,5.0,0.5,0.005,100.0,1.0,5.0,5.0,2.0,0.8
T0p5_c0p005_ratio_1e2_betaR7p5_betaT1p2__rep01,T0p5_c0p005_ratio_1e2_betaR7p5_betaT1p2,1,1001,500,1000,1500,1000,True,238.54326450115744,670.0825503150554,431.539285813898,2.31728612636962,0.431539285813898,0.26096585021900864,23755,335761,311565,0.07074972971846046,66918,65340,62409,2931,0.9764189007441944,0.9326190262709585,0.0437998744732359,0.022415493589168833,402679,671,0.6316644678941503,1.9337394785563324,20,2.5,1.2214745187681975,177,10,10.0,1076.6,99,10.874747474747474,5.983868755333065e-164,44.44444444444445,55.55555555555555,928,72,0.928,0.4444444444444445,20.88,1.296,16.11111111111111,5.0,0.5,0.005,100.0,1.0,7.5,1.2,2.0,0.8
T0p5_c0p005_ratio_1e2_betaR7p5_betaT1p2__rep02,T0p5_c0p005_ratio_1e2_betaR7p5_betaT1p2,2,1002,500,1000,1500,1000,True,226.21628926204008,699.6508746676554,473.4345854056154,2.112224224479184,0.4734345854056154,0.3215556916849778,24387,349988,325425,0.06967953186966411,69930,68397,65900,2497,0.9780780780780781,0.9423709423709423,0.035707135707135705,0.02145002145002145,419918,700,0.6316644678941503,1.874241701298746,20,2.5,1.1838918869558994,184,10,10.0,1048.4,99,10.589898989898991,2.200949921519642e-158,44.44444444444445,55.55555555555555,938,62,0.938,0.4444444444444445,21.104999999999997,1.116,18.91129032258064,5.0,0.5,0.005,100.0,1.0,7.5,1.2,2.0,0.8
T0p5_c0p005_ratio_1e2_betaR7p5_betaT1p2__rep03,T0p5_c0p005_ratio_1e2_betaR7p5_betaT1p2,3,1003,500,1000,1500,1000,True,210.5363149873671,639.7987218697006,429.2624068823335,2.329577395940272,0.42926240688233347,0.281209121807251,22336,320060,297619,0.06978691495344623,64152,62634,60248,2386,0.9763374485596708,0.9391445317371243,0.037192916822546454,0.023381967826412272,384212,640,0.6316644678941503,1.9029063643750173,20,2.5,1.2019983361053375,180,10,10.0,1049.6,99,10.602020202020201,1.2766691308229381e-158,44.44444444444445,55.55555555555555,931,69,0.931,0.4444444444444445,20.947499999999998,1.2420000000000002,16.865942028985504,5.0,0.5,0.005,100.0,1.0,7.5,1.2,2.0,0.8
T0p5_c0p005_ratio_1e2_betaR7p5_betaT1p2__rep04,T0p5_c0p005_ratio_1e2_betaR7p5_betaT1p2,4,1004,500,1000,1500,1000,True,220.9106801060614,661.9126150574906,441.00193495142923,2.2675637468804695,0.44100193495142925,0.26846389197089593,23825,330898,307029,0.07200103959528315,66125,64616,61800,2816,0.9771795841209829,0.9345935727788279,0.04258601134215501,0.022684310018903593,397023,662,0.6316644678941503,1.9337394785563324,20,2.5,1.2214745187681975,180,10,10.0,1072.8,99,10.836363636363636,3.371445402400417e-163,44.44444444444445,55.55555555555555,939,61,0.939,0.4444444444444445,21.127499999999998,1.098,19.241803278688522,5.0,0.5,0.005,100.0,1.0,7.5,1.2,2.0,0.8
T0p5_c0p005_ratio_1e2_betaR7p5_betaT1p2__rep05,T0p5_c0p005_ratio_1e2_betaR7p5_betaT1p2,5,1005,500,1000,1500,1000,True,213.41604891122262,660.0781329997471,446.6620840885245,2.238828939422153,0.44666208408852454,0.28484852882198197,22986,330086,306666,0.06963639778724333,66129,64531,61693,2838,0.9758351101634684,0.9329189916678008,0.04291611849566756,0.022682937894116045,396215,661,0.6316644678941503,1.9071163393536257,20,2.5,1.2046576277100478,180,10,10.0,1001.6,99,10.117171717171717,3.5097753792963234e-149,44.44444444444445,55.55555555555555,930,70,0.93,0.4444444444444445,20.924999999999997,1.2600000000000002,16.60714285714285,5.0,0.5,0.005,100.0,1.0,7.5,1.2,2.0,0.8
T0p5_c0p005_ratio_1e2_betaR7p5_betaT2p0__rep01,T0p5_c0p005_ratio_1e2_betaR7p5_betaT2p0,1,1001,500,1000,1500,1000,True,410.5557350997803,1193.184978380115,782.6292432803345,1.2777442302163045,0.7826292432803346,0.4589489883332476,35413,596805,560994,0.05933763959752348,119332,117744,114885,2859,0.9866925887440083,0.9627342204940837,0.023958368249924582,0.012569972848858647,716137,1194,0.6316644678941503,1.8672752319837453,20,2.5,1.1794914158229386,183,10,10.0,1020.0,99,10.303030303030303,8.557932799128004e-153,44.44444444444445,55.55555555555555,938,62,0.938,0.4444444444444445,21.104999999999997,1.116,18.91129032258064,5.0,0.5,0.005,100.0,1.0,7.5,2.0,2.0,0.8
T0p5_c0p005_ratio_1e2_betaR7p5_betaT2p0__rep02,T0p5_c0p005_ratio_1e2_betaR7p5_betaT2p0,2,1002,500,1000,1500,1000,True,435.5784568485202,1197.3932423103433,761.8147854618231,1.3126550167883464,0.7618147854618231,0.48486262517326395,35055,599473,564097,0.0584763617377263,119845,118280,115412,2868,0.986941466060328,0.9630105553005966,0.02393091075973132,0.012516166715340648,719318,1198,0.6316644678941503,1.8429571964834603,20,2.5,1.16413057686842,180,10,10.0,969.4,99,9.791919191919192,7.090622343948565e-143,44.44444444444445,55.55555555555555,929,71,0.929,0.4444444444444445,20.902499999999996,1.278,16.355633802816897,5.0,0.5,0.005,100.0,1.0,7.5,2.0,2.0,0.8
T0p5_c0p005_ratio_1e2_betaR7p5_betaT2p0__rep03,T0p5_c0p005_ratio_1e2_betaR7p5_betaT2p0,3,1003,500,1000,1500,1000,True,379.42760247319126,1138.5686721138443,759.1410696406531,1.3172782240241063,0.7591410696406531,0.47786679045628944,32808,569518,536496,0.057606607692820944,114092,112548,110154,2394,0.9864670616695298,0.9654839953721558,0.02098306629737405,0.013147284647477475,683610,1139,0.6316644678941503,1.8933996952611556,20,2.5,1.1959933110180843,178,10,10.0,1040.8,99,10.513131313131312,6.918378219060235e-157,44.44444444444445,55.55555555555555,940,60,0.94,0.4444444444444445,21.15,1.08,19.583333333333332,5.0,0.5,0.005,100.0,1.0,7.5,2.0,2.0,0.8
T0p5_c0p005_ratio_1e2_betaR7p5_betaT2p0__rep04,T0p5_c0p005_ratio_1e2_betaR7p5_betaT2p0,4,1004,500,1000,1500,1000,True,399.157711060328,1144.591237593344,745.433526533016,1.3415012397563648,0.745433526533016,0.47578569290666906,33764,572210,538256,0.059006308872616695,114448,112892,110064,2828,0.9864043058856424,0.961694393960576,0.024709911925066406,0.013106388927722633,686658,1145,0.6316644678941503,1.8912806126774853,20,2.5,1.1946547618454464,180,10,10.0,1055.4,99,10.660606060606062,9.17183009350425e-160,44.44444444444445,55.55555555555555,945,55,0.945,0.4444444444444445,21.262499999999996,0.9900000000000001,21.47727272727272,5.0,0.5,0.005,100.0,1.0,7.5,2.0,2.0,0.8
T0p5_c0p005_ratio_1e2_betaR7p5_betaT2p0__rep05,T0p5_c0p005_ratio_1e2_betaR7p5_betaT2p0,5,1005,500,1000,1500,1000,True,371.3983800496923,1132.0646910626908,760.6663110129984,1.3146368986267774,0.7606663110129984,0.41865245478908264,32931,565319,531927,0.05825206653234722,113476,111887,108941,2946,0.9859970390214671,0.9600356022418838,0.025961436779583347,0.013218654164757305,678795,1133,0.6316644678941503,1.9050125148419,20,2.5,1.2033287165193058,188,10,10.0,1077.8,99,10.886868686868686,3.4659491759018806e-164,44.44444444444445,55.55555555555555,932,68,0.932,0.4444444444444445,20.97,1.2240000000000002,17.132352941176467,5.0,0.5,0.005,100.0,1.0,7.5,2.0,2.0,0.8
T0p5_c0p005_ratio_1e2_betaR7p5_betaT3p0__rep01,T0p5_c0p005_ratio_1e2_betaR7p5_betaT3p0,1,1001,500,1000,1500,1000,True,623.7908092641725,1862.8652820261373,1239.074472761965,0.807053992300354,1.239074472761965,0.7932429601136164,50212,931335,881059,0.05391400516462927,186237,184719,181924,2795,0.9918490955073375,0.9768413365765127,0.015007758930824702,0.008054253451247604,1117572,1863,0.6316644678941503,1.900270393634102,20,2.5,1.2003332870498926,182,10,10.0,1019.5999999999999,99,10.298989898989898,1.0256138055136869e-152,44.44444444444445,55.55555555555555,939,61,0.939,0.4444444444444445,21.127499999999998,1.098,19.241803278688522,5.0,0.5,0.005,100.0,1.0,7.5,3.0,2.0,0.8
T0p5_c0p005_ratio_1e2_betaR7p5_betaT3p0__rep02,T0p5_c0p005_ratio_1e2_betaR7p5_betaT3p0,2,1002,500,1000,1500,1000,True,630.127087867524,1860.5474462943748,1230.4203584268507,0.8127303755592489,1.2304203584268507,0.7124181819151545,49677,930662,880800,0.05337813298490752,185965,184420,181717,2703,0.9916919850509505,0.9771569919070793,0.01453499314387116,0.00806603393111607,1116627,1861,0.6316644678941503,1.8386003175838812,20,2.5,1.161378491276638,179,10,10.0,1023.0,99,10.333333333333334,2.201171417678239e-153,44.44444444444445,55.55555555555555,935,65,0.935,0.4444444444444445,21.037499999999998,1.1700000000000002,17.980769230769226,5.0,0.5,0.005,100.0,1.0,7.5,3.0,2.0,0.8
T0p5_c0p005_ratio_1e2_betaR7p5_betaT3p0__rep03,T0p5_c0p005_ratio_1e2_betaR7p5_betaT3p0,3,1003,500,1000,1500,1000,True,603.9238429477817,1757.6264090911693,1153.7025661433877,0.8667745304084858,1.1537025661433877,0.7396509663039978,46628,878350,831543,0.053085899698297946,175503,173969,171293,2676,0.9912594086710769,0.9760118060659931,0.015247602605083673,0.008546862446795781,1053853,1758,0.6316644678941503,1.834779561718587,20,2.5,1.1589650555560336,179,10,10.0,1040.8,99,10.513131313131312,6.918378219060235e-157,44.44444444444445,55.55555555555555,944,56,0.944,0.4444444444444445,21.24,1.008,21.07142857142857,5.0,0.5,0.005,100.0,1.0,7.5,3.0,2.0,0.8
T0p5_c0p005_ratio_1e2_betaR7p5_betaT3p0__rep04,T0p5_c0p005_ratio_1e2_betaR7p5_betaT3p0,4,1004,500,1000,1500,1000,True,588.8403077562884,1772.8990065176201,1184.0586987613317,0.8445527244942508,1.1840586987613317,0.7568530016579302,47887,886428,838495,0.05402243611438267,177452,175947,173273,2674,0.9915188332619526,0.9764499695692356,0.015068863692716903,0.00845299010436625,1063880,1773,0.6316644678941503,1.8896897412791707,20,2.5,1.193649864910142,188,10,10.0,1032.0,99,10.424242424242424,3.73620835789778e-155,44.44444444444445,55.55555555555555,950,50,0.95,0.4444444444444445,21.374999999999996,0.9000000000000001,23.749999999999993,5.0,0.5,0.005,100.0,1.0,7.5,3.0,2.0,0.8
T0p5_c0p005_ratio_1e2_betaR7p5_betaT3p0__rep05,T0p5_c0p005_ratio_1e2_betaR7p5_betaT3p0,5,1005,500,1000,1500,1000,True,580.3644523807559,1707.374119485748,1127.009667104992,0.8873038352623466,1.127009667104992,0.7028629712876295,45375,853255,807521,0.0531787097643729,170972,169401,166543,2858,0.9908113609245959,0.9740951734786982,0.016716187445897573,0.008773366399176473,1024227,1708,0.6316644678941503,1.802254227558332,20,2.5,1.1384199576606167,181,10,10.0,1021.0,99,10.313131313131313,5.442736435920423e-153,44.44444444444445,55.55555555555555,927,73,0.927,0.4444444444444445,20.857499999999998,1.314,15.873287671232875,5.0,0.5,0.005,100.0,1.0,7.5,3.0,2.0,0.8
T0p5_c0p005_ratio_1e2_betaR7p5_betaT5p0__rep01,T0p5_c0p005_ratio_1e2_betaR7p5_betaT5p0,1,1001,500,1000,1500,1000,True,1029.500312318922,3051.1288897507743,2021.6285774318524,0.4946507044683431,2.0216285774318523,1.383414466559202,76592,1525601,1448577,0.05020447679308024,305153,303561,300781,2780,0.9947829449489273,0.9856727608773304,0.009110184071596871,0.004915566945106226,1830754,3052,0.6316644678941503,1.877448276271596,20,2.5,1.1859173664298874,185,10,10.0,1029.2,99,10.395959595959596,1.3284318248072757e-154,44.44444444444445,55.55555555555555,931,69,0.931,0.4444444444444445,20.947499999999998,1.2420000000000002,16.865942028985504,5.0,0.5,0.005,100.0,1.0,7.5,5.0,2.0,0.8
T0p5_c0p005_ratio_1e2_betaR7p5_betaT5p0__rep02,T0p5_c0p005_ratio_1e2_betaR7p5_betaT5p0,2,1002,500,1000,1500,1000,True,1013.897559144766,3089.0442994377217,2075.1467402929557,0.48189363218662146,2.0751467402929555,1.3825082087719238,76746,1544630,1467373,0.04968568524501013,308914,307312,304293,3019,0.994814090653062,0.9850411441372032,0.009772946515858782,0.004855720362301482,1853544,3090,0.6316644678941503,1.887035308530049,20,2.5,1.1919731540601073,181,10,10.0,1022.9999999999999,99,10.333333333333332,2.201171417678239e-153,44.44444444444445,55.55555555555555,935,65,0.935,0.4444444444444445,21.037499999999998,1.1700000000000002,17.980769230769226,5.0,0.5,0.005,100.0,1.0,7.5,5.0,2.0,0.8
T0p5_c0p005_ratio_1e2_betaR7p5_betaT5p0__rep03,T0p5_c0p005_ratio_1e2_betaR7p5_betaT5p0,3,1003,500,1000,1500,1000,True,1008.3679863940428,2989.01856688929,1980.6505804952471,0.5048846120803182,1.9806505804952472,1.302770188927525,74034,1494540,1420004,0.04953631217632181,298876,297279,294530,2749,0.9946566469037327,0.9854588525007026,0.00919779440303002,0.005018803784847228,1793416,2990,0.6316644678941503,1.7927730162291315,20,2.5,1.1324310133513653,176,10,10.0,995.5999999999999,99,10.056565656565656,5.2709013326713734e-148,44.44444444444445,55.55555555555555,943,57,0.943,0.4444444444444445,21.217499999999998,1.026,20.679824561403507,5.0,0.5,0.005,100.0,1.0,7.5,5.0,2.0,0.8
T0p5_c0p005_ratio_1e2_betaR7p5_betaT5p0__rep04,T0p5_c0p005_ratio_1e2_betaR7p5_betaT5p0,4,1004,500,1000,1500,1000,True,1004.9296208447342,3097.243946199597,2092.3143253548624,0.47793966130323046,2.092314325354862,1.4285767123496953,77454,1549987,1472111,0.049970741690091594,310619,309057,306122,2935,0.9949713314381927,0.9855224567718008,0.009448874666391946,0.0048290671208136016,1860606,3098,0.6316644678941503,1.9337394785563324,20,2.5,1.2214745187681975,181,10,10.0,1047.1999999999998,99,10.577777777777776,3.79414994730247e-158,44.44444444444445,55.55555555555555,949,51,0.949,0.4444444444444445,21.352499999999996,0.918,23.259803921568622,5.0,0.5,0.005,100.0,1.0,7.5,5.0,2.0,0.8
T0p5_c0p005_ratio_1e2_betaR7p5_betaT5p0__rep05,T0p5_c0p005_ratio_1e2_betaR7p5_betaT5p0,5,1005,500,1000,1500,1000,True,1003.4843708714288,3053.6990844603397,2050.214713588911,0.48775379152825177,2.050214713588911,1.391652121756465,75529,1526097,1450424,0.04949161160791221,305113,303580,300977,2603,0.9949756319789718,0.9864443665133901,0.008531265465581604,0.004916211370869153,1831210,3054,0.6316644678941503,1.9065906008627667,20,2.5,1.2043255373859678,187,10,10.0,1092.0,99,11.030303030303031,5.3885502291980926e-167,44.44444444444445,55.55555555555555,942,58,0.942,0.4444444444444445,21.194999999999997,1.044,20.301724137931032,5.0,0.5,0.005,100.0,1.0,7.5,5.0,2.0,0.8
T1e-1_c1e-4_ratio_1e3_betaR2p5_betaT1p2__rep01,T1e-1_c1e-4_ratio_1e3_betaR2p5_betaT1p2,1,1001,500,1000,1500,1000,True,15.150497012503495,42.22964601054545,27.07914899804196,36.928782365808765,0.02707914899804196,0.017920182098446702,18624,21604,2590,0.8620625810035178,4474,2881,438,2443,0.6439427805096111,0.09789897183728208,0.546043808672329,0.33527045149754137,26078,43,0.6316644678941503,0.9317566345699734,20,2.5,0.5885575587824865,19,10,10.0,95.4,99,0.9636363636363637,0.5837373137429271,44.44444444444445,55.55555555555555,437,563,0.437,0.4444444444444445,9.8325,10.134,0.9702486678507992,5.0,0.1,0.0001,1000.0,1.0,2.5,1.2,2.0,0.8
T1e-1_c1e-4_ratio_1e3_betaR2p5_betaT1p2__rep02,T1e-1_c1e-4_ratio_1e3_betaR2p5_betaT1p2,2,1002,500,1000,1500,1000,True,16.477157822871252,41.939825674772216,25.462667851900964,39.27318244169545,0.025462667851900964,0.01687354462088564,18055,20971,2884,0.8609508368699633,4238,2732,431,2301,0.6446436998584237,0.10169891458235017,0.5429447852760736,0.3539405379896177,25209,42,0.6316644678941503,0.9820443103897717,20,2.5,0.620322496770833,35,10,10.0,92.0,99,0.9292929292929293,0.6779651870359542,44.44444444444445,55.55555555555555,422,578,0.422,0.4444444444444445,9.495,10.404000000000002,0.912629757785467,5.0,0.1,0.0001,1000.0,1.0,2.5,1.2,2.0,0.8
T1e-1_c1e-4_ratio_1e3_betaR2p5_betaT1p2__rep03,T1e-1_c1e-4_ratio_1e3_betaR2p5_betaT1p2,3,1003,500,1000,1500,1000,True,15.27707343701049,41.13429525561362,25.857221818603133,38.673915048388686,0.025857221818603133,0.017263957789634077,17965,21182,2753,0.8481257671607969,4103,2521,427,2094,0.6144284669753839,0.1040701925420424,0.5103582744333415,0.36558615647087495,25285,42,0.6316644678941503,1.0072419475240941,20,2.5,0.6362389488234746,32,10,10.0,111.6,99,1.1272727272727272,0.18221256580472764,44.44444444444445,55.55555555555555,443,557,0.443,0.4444444444444445,9.9675,10.026000000000002,0.9941651705565527,5.0,0.1,0.0001,1000.0,1.0,2.5,1.2,2.0,0.8
T1e-1_c1e-4_ratio_1e3_betaR2p5_betaT1p2__rep04,T1e-1_c1e-4_ratio_1e3_betaR2p5_betaT1p2,4,1004,500,1000,1500,1000,True,17.757027884702342,43.673153165242745,25.916125280540403,38.58601504565454,0.0259161252805404,0.01806888567417886,17078,21773,4521,0.7843659578376889,4448,2902,819,2083,0.6524280575539568,0.1841276978417266,0.4683003597122302,0.33723021582733814,26221,44,0.6316644678941503,0.9717823327554576,20,2.5,0.6138403701289122,34,10,10.0,81.20000000000002,99,0.8202020202020204,0.9035003453991421,44.44444444444445,55.55555555555555,430,570,0.43,0.4444444444444445,9.674999999999999,10.260000000000002,0.9429824561403506,5.0,0.1,0.0001,1000.0,1.0,2.5,1.2,2.0,0.8
T1e-1_c1e-4_ratio_1e3_betaR2p5_betaT1p2__rep05,T1e-1_c1e-4_ratio_1e3_betaR2p5_betaT1p2,5,1005,500,1000,1500,1000,True,16.903447676920614,43.23031726966225,26.326869592741637,37.98400704182854,0.026326869592741636,0.01818142998007133,18483,21871,3038,0.8450916739060856,4376,2790,489,2301,0.6375685557586838,0.11174588665447897,0.5258226691042047,0.34277879341864714,26247,44,0.6316644678941503,0.9871352947927471,20,2.5,0.6235382907247958,31,10,10.0,102.80000000000001,99,1.0383838383838384,0.3767887422794509,44.44444444444445,55.55555555555555,435,565,0.435,0.4444444444444445,9.7875,10.170000000000002,0.9623893805309732,5.0,0.1,0.0001,1000.0,1.0,2.5,1.2,2.0,0.8
T1e-1_c1e-4_ratio_1e3_betaR2p5_betaT2p0__rep01,T1e-1_c1e-4_ratio_1e3_betaR2p5_betaT2p0,1,1001,500,1000,1500,1000,True,19.479097444830693,52.20282565142413,32.723728206593435,30.558865227297424,0.03272372820659344,0.021665409885416764,15982,26580,10201,0.6012791572610986,5480,3903,1380,2523,0.7122262773722627,0.2518248175182482,0.4604014598540146,0.2737226277372263,32060,53,0.6316644678941503,1.0220623898872587,20,2.5,0.6456004956627589,24,10,10.0,116.99999999999999,99,1.1818181818181817,0.10461106658908649,44.44444444444445,55.55555555555555,484,516,0.484,0.4444444444444445,10.889999999999999,9.288,1.1724806201550386,5.0,0.1,0.0001,1000.0,1.0,2.5,2.0,2.0,0.8
T1e-1_c1e-4_ratio_1e3_betaR2p5_betaT2p0__rep02,T1e-1_c1e-4_ratio_1e3_betaR2p5_betaT2p0,2,1002,500,1000,1500,1000,True,20.376019437762032,53.19921428833354,32.82319485057151,30.4662603549876,0.03282319485057151,0.02138483297795979,15958,26974,10644,0.5916067324089864,5434,3852,1489,2363,0.7088700772911299,0.27401545822598455,0.4348546190651454,0.2760397497239602,32408,54,0.6316644678941503,1.0308523859428225,20,2.5,0.6511528238439882,36,10,10.0,125.4,99,1.2666666666666668,0.03772163195390423,44.44444444444445,55.55555555555555,430,570,0.43,0.4444444444444445,9.674999999999999,10.260000000000002,0.9429824561403506,5.0,0.1,0.0001,1000.0,1.0,2.5,2.0,2.0,0.8
T1e-1_c1e-4_ratio_1e3_betaR2p5_betaT2p0__rep03,T1e-1_c1e-4_ratio_1e3_betaR2p5_betaT2p0,3,1003,500,1000,1500,1000,True,20.131209763188178,51.16570732896337,31.034497565775194,32.22220684838148,0.031034497565775195,0.02111189406783076,16074,26161,9677,0.6144260540499217,5104,3523,1331,2192,0.690242946708464,0.2607758620689655,0.42946708463949845,0.2938871473354232,31265,52,0.6316644678941503,1.0347350828735455,20,2.5,0.6536053855347277,30,10,10.0,112.60000000000002,99,1.1373737373737376,0.16543244854523687,44.44444444444445,55.55555555555555,453,547,0.453,0.4444444444444445,10.192499999999999,9.846000000000002,1.0351919561243141,5.0,0.1,0.0001,1000.0,1.0,2.5,2.0,2.0,0.8
T1e-1_c1e-4_ratio_1e3_betaR2p5_betaT2p0__rep04,T1e-1_c1e-4_ratio_1e3_betaR2p5_betaT2p0,4,1004,500,1000,1500,1000,True,24.533690631260615,54.07664701661481,29.54295638535419,33.849015885754284,0.02954295638535419,0.021596132222942543,15381,27312,11479,0.5631590509666081,5528,3937,1774,2163,0.712192474674385,0.32091172214182345,0.3912807525325615,0.27134587554269174,32840,55,0.6316644678941503,0.9697169056961842,20,2.5,0.6125357132445421,28,10,10.0,91.80000000000001,99,0.9272727272727274,0.6832999302108024,44.44444444444445,55.55555555555555,480,520,0.48,0.4444444444444445,10.799999999999999,9.360000000000001,1.1538461538461535,5.0,0.1,0.0001,1000.0,1.0,2.5,2.0,2.0,0.8
T1e-1_c1e-4_ratio_1e3_betaR2p5_betaT2p0__rep05,T1e-1_c1e-4_ratio_1e3_betaR2p5_betaT2p0,5,1005,500,1000,1500,1000,True,25.322201900920387,58.28777434640197,32.965572445481584,30.33467723497896,0.03296557244548158,0.021160977860038344,16573,29453,12535,0.5626931042678165,5858,4286,1887,2399,0.7316490269716627,0.32212359166951177,0.4095254353021509,0.2560600887674974,35311,59,0.6316644678941503,1.0161601515676972,20,2.5,0.6418722614352486,36,10,10.0,124.4,99,1.2565656565656567,0.04300454610712936,44.44444444444445,55.55555555555555,475,525,0.475,0.4444444444444445,10.687499999999998,9.450000000000001,1.1309523809523807,5.0,0.1,0.0001,1000.0,1.0,2.5,2.0,2.0,0.8
T1e-1_c1e-4_ratio_1e3_betaR2p5_betaT3p0__rep01,T1e-1_c1e-4_ratio_1e3_betaR2p5_betaT3p0,1,1001,500,1000,1500,1000,True,64.07570671477008,214.3859788784474,150.31027216367733,6.652905257939193,0.15031027216367732,0.06848501105562832,13141,107736,94296,0.12197408479988119,21449,19907,17366,2541,0.9281085365285094,0.8096414751270455,0.11846706140146394,0.06993333022518532,129185,215,0.6316644678941503,1.3054733438983244,20,2.5,0.8246211251235321,72,10,10.0,381.40000000000003,99,3.8525252525252527,9.238077974867869e-35,44.44444444444445,55.55555555555555,664,336,0.664,0.4444444444444445,14.939999999999998,6.048000000000001,2.4702380952380945,5.0,0.1,0.0001,1000.0,1.0,2.5,3.0,2.0,0.8
T1e-1_c1e-4_ratio_1e3_betaR2p5_betaT3p0__rep02,T1e-1_c1e-4_ratio_1e3_betaR2p5_betaT3p0,2,1002,500,1000,1500,1000,True,68.47474658455054,231.37403979324458,162.89929320869402,6.138762055393801,0.162899293208694,0.06054612416139804,12953,115807,102530,0.11184988817601699,23089,21526,18984,2542,0.9323054268266274,0.822209710251635,0.11009571657499242,0.06496600112607735,138896,232,0.6316644678941503,1.3750370238806686,20,2.5,0.8685620300243386,82,10,10.0,459.0000000000001,99,4.636363636363638,9.816311866870396e-48,44.44444444444445,55.55555555555555,685,315,0.685,0.4444444444444445,15.412499999999998,5.670000000000001,2.7182539682539675,5.0,0.1,0.0001,1000.0,1.0,2.5,3.0,2.0,0.8
T1e-1_c1e-4_ratio_1e3_betaR2p5_betaT3p0__rep03,T1e-1_c1e-4_ratio_1e3_betaR2p5_betaT3p0,3,1003,500,1000,1500,1000,True,91.51425356090232,215.03145311501572,123.5171995541134,8.096038475693385,0.1235171995541134,0.04791177632772303,12302,108120,95328,0.1137809840917499,21510,19917,17863,2054,0.9259414225941422,0.8304509530450953,0.09549046954904696,0.0697350069735007,129630,216,0.6316644678941503,1.2617368782256808,20,2.5,0.796994353806851,72,10,10.0,358.19999999999993,99,3.6181818181818173,4.909524576979849e-31,44.44444444444445,55.55555555555555,643,357,0.643,0.4444444444444445,14.467499999999998,6.426000000000001,2.2514005602240887,5.0,0.1,0.0001,1000.0,1.0,2.5,3.0,2.0,0.8
T1e-1_c1e-4_ratio_1e3_betaR2p5_betaT3p0__rep04,T1e-1_c1e-4_ratio_1e3_betaR2p5_betaT3p0,4,1004,500,1000,1500,1000,True,56.52254593392998,143.52964334238595,87.00709740845596,11.49331525571399,0.08700709740845597,0.043270143854577725,13487,72129,58393,0.1869844306728223,14493,12942,10440,2502,0.892982819292072,0.7203477540881805,0.17263506520389155,0.103498240529911,86622,144,0.6316644678941503,1.1710800875382397,20,2.5,0.7397296803562772,54,10,10.0,224.00000000000003,99,2.262626262626263,1.1212565613583632e-11,44.44444444444445,55.55555555555555,557,443,0.557,0.4444444444444445,12.532499999999999,7.974000000000001,1.5716704288939047,5.0,0.1,0.0001,1000.0,1.0,2.5,3.0,2.0,0.8
T1e-1_c1e-4_ratio_1e3_betaR2p5_betaT3p0__rep05,T1e-1_c1e-4_ratio_1e3_betaR2p5_betaT3p0,5,1005,500,1000,1500,1000,True,59.72215167906123,195.69592160727038,135.97376992820915,7.354359598384128,0.13597376992820914,0.05414354860031523,13825,97883,83910,0.14124005189869537,19552,18019,15421,2598,0.9215936988543372,0.7887172667757774,0.13287643207855973,0.07671849427168576,117435,196,0.6316644678941503,1.2023369058162188,20,2.5,0.759473501841901,53,10,10.0,300.20000000000005,99,3.032323232323233,3.9488468929625796e-22,44.44444444444445,55.55555555555555,631,369,0.631,0.4444444444444445,14.197499999999998,6.642,2.137533875338753,5.0,0.1,0.0001,1000.0,1.0,2.5,3.0,2.0,0.8
T1e-1_c1e-4_ratio_1e3_betaR2p5_betaT5p0__rep01,T1e-1_c1e-4_ratio_1e3_betaR2p5_betaT5p0,1,1001,500,1000,1500,1000,True,260.1611607613447,834.8339109805235,574.6727502191787,1.7401207898209938,0.5746727502191787,0.14122384824020173,13504,417514,403916,0.03234382559626743,83457,81941,79114,2827,0.9818349569239249,0.9479612255412967,0.033873731382628176,0.017973327581868506,500971,835,0.6316644678941503,1.532930098444411,20,2.5,0.9682974749528164,110,10,10.0,607.2,99,6.133333333333334,4.755572209760606e-74,44.44444444444445,55.55555555555555,772,228,0.772,0.4444444444444445,17.369999999999997,4.104,4.232456140350877,5.0,0.1,0.0001,1000.0,1.0,2.5,5.0,2.0,0.8
T1e-1_c1e-4_ratio_1e3_betaR2p5_betaT5p0__rep02,T1e-1_c1e-4_ratio_1e3_betaR2p5_betaT5p0,2,1002,500,1000,1500,1000,True,338.52210736818705,904.9148193971907,566.3927120290036,1.7655594409357307,0.5663927120290037,0.14401381318697304,13426,452580,439111,0.029665473507446197,90579,89073,86292,2781,0.9833736296492565,0.9526711489418077,0.030702480707448746,0.01656012983141788,543159,905,0.6316644678941503,1.5843849561337857,20,2.5,1.0007996802557444,104,10,10.0,674.2,99,6.81010101010101,2.1132083687338497e-86,44.44444444444445,55.55555555555555,778,222,0.778,0.4444444444444445,17.505,3.9960000000000004,4.3806306306306295,5.0,0.1,0.0001,1000.0,1.0,2.5,5.0,2.0,0.8
T1e-1_c1e-4_ratio_1e3_betaR2p5_betaT5p0__rep03,T1e-1_c1e-4_ratio_1e3_betaR2p5_betaT5p0,3,1003,500,1000,1500,1000,True,279.9114820394964,875.7373846233393,595.8259025838429,1.6783426092478129,0.5958259025838429,0.15413052776369796,12776,438216,425308,0.029154572174452782,87679,86153,83707,2446,0.9825956044206708,0.9546983884396492,0.02789721598102168,0.01710785935058566,525895,876,0.6316644678941503,1.6974106773314452,20,2.5,1.0721940122944167,144,10,10.0,810.8,99,8.189898989898989,3.4407458353738526e-112,44.44444444444445,55.55555555555555,812,188,0.812,0.4444444444444445,18.269999999999996,3.3840000000000003,5.398936170212764,5.0,0.1,0.0001,1000.0,1.0,2.5,5.0,2.0,0.8
T1e-1_c1e-4_ratio_1e3_betaR2p5_betaT5p0__rep04,T1e-1_c1e-4_ratio_1e3_betaR2p5_betaT5p0,4,1004,500,1000,1500,1000,True,307.09918258224735,911.1297267268064,604.0305441445591,1.6555454185122727,0.6040305441445591,0.14622590679948644,13943,455688,441305,0.03059768964730254,90989,89413,86919,2494,0.982679224961259,0.9552693182692413,0.027409906692017715,0.016485509237380343,546677,912,0.6316644678941503,1.564006166298762,20,2.5,0.9879271228182775,120,10,10.0,684.4000000000001,99,6.913131313131314,2.662216962267247e-88,44.44444444444445,55.55555555555555,780,220,0.78,0.4444444444444445,17.549999999999997,3.9600000000000004,4.431818181818181,5.0,0.1,0.0001,1000.0,1.0,2.5,5.0,2.0,0.8
T1e-1_c1e-4_ratio_1e3_betaR2p5_betaT5p0__rep05,T1e-1_c1e-4_ratio_1e3_betaR2p5_betaT5p0,5,1005,500,1000,1500,1000,True,251.33072443138573,795.8891799813417,544.558455549956,1.836350147185004,0.5445584555499561,0.1360139408170653,12982,397670,384629,0.03264515804561571,79465,77955,75258,2697,0.9809979236141697,0.9470584534071604,0.033939470207009374,0.018876234820361167,477135,796,0.6316644678941503,1.6001253083762736,20,2.5,1.010742301479462,123,10,10.0,777.8000000000001,99,7.856565656565658,6.757485667342151e-106,44.44444444444445,55.55555555555555,788,212,0.788,0.4444444444444445,17.729999999999997,3.8160000000000003,4.646226415094339,5.0,0.1,0.0001,1000.0,1.0,2.5,5.0,2.0,0.8
T1e-1_c1e-4_ratio_1e3_betaR3p5_betaT1p2__rep01,T1e-1_c1e-4_ratio_1e3_betaR3p5_betaT1p2,1,1001,500,1000,1500,1000,True,26.086544084639712,78.76090266551932,52.67435858087961,18.98456909474342,0.05267435858087961,0.03541007605456059,15360,39678,24188,0.3871162861031302,8069,6545,3909,2636,0.8111290122691783,0.4844466476638989,0.32668236460527944,0.18589664146734416,47747,79,0.6316644678941503,1.217252751342805,20,2.5,0.7688953114696434,62,10,10.0,274.20000000000005,99,2.76969696969697,2.2576703125882452e-18,44.44444444444445,55.55555555555555,604,396,0.604,0.4444444444444445,13.589999999999998,7.128000000000001,1.9065656565656561,5.0,0.1,0.0001,1000.0,1.0,3.5,1.2,2.0,0.8
T1e-1_c1e-4_ratio_1e3_betaR3p5_betaT1p2__rep02,T1e-1_c1e-4_ratio_1e3_betaR3p5_betaT1p2,2,1002,500,1000,1500,1000,True,32.14055346889683,83.26453384324934,51.123980374352506,19.56029230661532,0.05112398037435251,0.03143024534590211,15752,42054,25945,0.37456603414657347,8365,6799,4076,2723,0.8127913927077107,0.48726838015540946,0.32552301255230126,0.17931858936043035,50419,84,0.6316644678941503,1.1149474289954475,20,2.5,0.7042726744663603,44,10,10.0,203.79999999999998,99,2.0585858585858583,3.0040546372181033e-09,44.44444444444445,55.55555555555555,511,489,0.511,0.4444444444444445,11.497499999999999,8.802000000000001,1.3062372188139055,5.0,0.1,0.0001,1000.0,1.0,3.5,1.2,2.0,0.8
T1e-1_c1e-4_ratio_1e3_betaR3p5_betaT1p2__rep03,T1e-1_c1e-4_ratio_1e3_betaR3p5_betaT1p2,3,1003,500,1000,1500,1000,True,35.46576162293232,83.36195580241488,47.89619417948256,20.878485590163507,0.047896194179482564,0.03068073599792598,14841,41996,26841,0.35339079912372606,8301,6739,4290,2449,0.8118299000120467,0.5168052041922659,0.29502469581978075,0.18070112034694616,50297,84,0.6316644678941503,1.1292422104778106,20,2.5,0.7133021800050804,55,10,10.0,235.80000000000004,99,2.3818181818181823,3.5743625309215274e-13,44.44444444444445,55.55555555555555,527,473,0.527,0.4444444444444445,11.857499999999998,8.514000000000001,1.3927061310782236,5.0,0.1,0.0001,1000.0,1.0,3.5,1.2,2.0,0.8
T1e-1_c1e-4_ratio_1e3_betaR3p5_betaT1p2__rep04,T1e-1_c1e-4_ratio_1e3_betaR3p5_betaT1p2,4,1004,500,1000,1500,1000,True,35.12926509703895,81.21048834594568,46.081223248906724,21.700812814766696,0.046081223248906726,0.031329468573090935,15120,40829,25335,0.3703250140831272,8222,6647,4121,2526,0.8084407686694235,0.5012162490878131,0.3072245195816103,0.18243736317197762,49051,82,0.6316644678941503,1.217252751342805,20,2.5,0.7688953114696434,64,10,10.0,296.0,99,2.98989898989899,1.639031474700677e-21,44.44444444444445,55.55555555555555,566,434,0.566,0.4444444444444445,12.734999999999998,7.812000000000001,1.6301843317972344,5.0,0.1,0.0001,1000.0,1.0,3.5,1.2,2.0,0.8
T1e-1_c1e-4_ratio_1e3_betaR3p5_betaT1p2__rep05,T1e-1_c1e-4_ratio_1e3_betaR3p5_betaT1p2,5,1005,500,1000,1500,1000,True,32.343060127305634,77.77729770064738,45.43423757334175,22.009833407807502,0.045434237573341744,0.028220206310002993,15669,38844,23059,0.40338276181649674,7773,6248,3612,2636,0.80380805351859,0.4646854496333462,0.3391226038852438,0.19297568506368198,46617,78,0.6316644678941503,1.1004669776609863,20,2.5,0.6951258878793107,46,10,10.0,190.39999999999998,99,1.923232323232323,9.585950813988463e-08,44.44444444444445,55.55555555555555,534,466,0.534,0.4444444444444445,12.014999999999999,8.388000000000002,1.4324034334763944,5.0,0.1,0.0001,1000.0,1.0,3.5,1.2,2.0,0.8
T1e-1_c1e-4_ratio_1e3_betaR3p5_betaT2p0__rep01,T1e-1_c1e-4_ratio_1e3_betaR3p5_betaT2p0,1,1001,500,1000,1500,1000,True,181.32020687077411,507.8700860120732,326.54987914129913,3.0623193082466185,0.3265498791412991,0.13190576131606235,13215,254004,240726,0.052026739736382104,50778,49268,46566,2702,0.970262712198196,0.9170506912442397,0.05321202095395644,0.029540352120997284,304782,508,0.6316644678941503,1.7560493367735879,20,2.5,1.109233969908964,130,10,10.0,910.4,99,9.195959595959597,2.2022348151012312e-131,44.44444444444445,55.55555555555555,808,192,0.808,0.4444444444444445,18.179999999999996,3.4560000000000004,5.260416666666665,5.0,0.1,0.0001,1000.0,1.0,3.5,2.0,2.0,0.8
T1e-1_c1e-4_ratio_1e3_betaR3p5_betaT2p0__rep02,T1e-1_c1e-4_ratio_1e3_betaR3p5_betaT2p0,2,1002,500,1000,1500,1000,True,172.1495915549369,574.5781413061942,402.42854975125726,2.484913161896948,0.40242854975125725,0.17612023108829078,14000,287534,273312,0.048689894064701915,57439,55886,52375,3511,0.9729626212155504,0.911836905238601,0.061125715976949456,0.026114660770556592,344973,575,0.6316644678941503,1.5197942084671283,20,2.5,0.96,109,10,10.0,654.4000000000001,99,6.610101010101011,9.972380985686895e-83,44.44444444444445,55.55555555555555,764,236,0.764,0.4444444444444445,17.189999999999998,4.248,4.046610169491525,5.0,0.1,0.0001,1000.0,1.0,3.5,2.0,2.0,0.8
T1e-1_c1e-4_ratio_1e3_betaR3p5_betaT2p0__rep03,T1e-1_c1e-4_ratio_1e3_betaR3p5_betaT2p0,3,1003,500,1000,1500,1000,True,182.71082026589093,502.79491232518427,320.0840920592933,3.1241790042310416,0.32008409205929333,0.13496555270040744,12702,251333,238525,0.05053852856568775,50350,48834,46249,2585,0.9698907646474677,0.9185501489572989,0.05134061569016882,0.029791459781529295,301683,503,0.6316644678941503,1.7554783566457404,20,2.5,1.108873302050329,149,10,10.0,904.8,99,9.139393939393939,2.6868517745311464e-130,44.44444444444445,55.55555555555555,834,166,0.834,0.4444444444444445,18.764999999999997,2.9880000000000004,6.2801204819277086,5.0,0.1,0.0001,1000.0,1.0,3.5,2.0,2.0,0.8
T1e-1_c1e-4_ratio_1e3_betaR3p5_betaT2p0__rep04,T1e-1_c1e-4_ratio_1e3_betaR3p5_betaT2p0,4,1004,500,1000,1500,1000,True,148.3346593001386,488.52460139608127,340.1899420959427,2.93953429028179,0.34018994209594267,0.1409377984632556,13015,244612,231368,0.05320671103625333,48989,47437,44957,2480,0.9683194186450019,0.917695809263304,0.05062360938169793,0.030619118577639878,293601,489,0.6316644678941503,1.4762955739125836,20,2.5,0.9325234581499814,108,10,10.0,595.5999999999999,99,6.016161616161615,6.186126557527575e-72,44.44444444444445,55.55555555555555,747,253,0.747,0.4444444444444445,16.807499999999997,4.554,3.690711462450592,5.0,0.1,0.0001,1000.0,1.0,3.5,2.0,2.0,0.8
T1e-1_c1e-4_ratio_1e3_betaR3p5_betaT2p0__rep05,T1e-1_c1e-4_ratio_1e3_betaR3p5_betaT2p0,5,1005,500,1000,1500,1000,True,141.07715417162572,486.21810570274573,345.14095153112,2.897366990395615,0.34514095153111995,0.14031727772920988,12912,243187,229861,0.05309494339746779,48644,47073,44203,2870,0.9677041361730121,0.9087040539429323,0.05900008223007976,0.030836279911191512,291831,487,0.6316644678941503,1.6897153146644341,20,2.5,1.0673331251301066,143,10,10.0,826.2,99,8.345454545454546,3.8708702387585574e-115,44.44444444444445,55.55555555555555,816,184,0.816,0.4444444444444445,18.36,3.3120000000000003,5.5434782608695645,5.0,0.1,0.0001,1000.0,1.0,3.5,2.0,2.0,0.8
T1e-1_c1e-4_ratio_1e3_betaR3p5_betaT3p0__rep01,T1e-1_c1e-4_ratio_1e3_betaR3p5_betaT3p0,1,1001,500,1000,1500,1000,True,405.9185978849836,1189.9204483990898,784.0018505141061,1.2755071934387068,0.7840018505141061,0.29333863156395523,14808,594763,579911,0.02489731203857671,118921,117412,114192,3220,0.987310903877364,0.9602341049940717,0.02707679888329227,0.012613415628862859,713684,1190,0.6316644678941503,1.8011413813716077,20,2.5,1.1377170122662315,158,10,10.0,964.8,99,9.745454545454544,5.618279462584057e-142,44.44444444444445,55.55555555555555,876,124,0.876,0.4444444444444445,19.709999999999997,2.232,8.83064516129032,5.0,0.1,0.0001,1000.0,1.0,3.5,3.0,2.0,0.8
T1e-1_c1e-4_ratio_1e3_betaR3p5_betaT3p0__rep02,T1e-1_c1e-4_ratio_1e3_betaR3p5_betaT3p0,2,1002,500,1000,1500,1000,True,440.0168912663395,1250.384721046688,810.3678297803484,1.234007525040884,0.8103678297803484,0.26263313446850134,15481,626025,610272,0.02472904436723773,125183,123616,120620,2996,0.9874823258749191,0.9635493637314971,0.02393296214342203,0.01198245768195362,751208,1251,0.6316644678941503,1.723201543319075,20,2.5,1.0884851859350222,152,10,10.0,868.4,99,8.771717171717171,2.9559199277671524e-123,44.44444444444445,55.55555555555555,865,135,0.865,0.4444444444444445,19.4625,2.43,8.009259259259258,5.0,0.1,0.0001,1000.0,1.0,3.5,3.0,2.0,0.8
T1e-1_c1e-4_ratio_1e3_betaR3p5_betaT3p0__rep03,T1e-1_c1e-4_ratio_1e3_betaR3p5_betaT3p0,3,1003,500,1000,1500,1000,True,399.16027889437635,1206.5610126633248,807.4007337689485,1.23854234728274,0.8074007337689485,0.3260342622256758,14692,603275,588367,0.024353735858439352,120856,119309,116676,2633,0.9871996425498113,0.9654133845237307,0.021786258026080627,0.012411464883828688,724131,1207,0.6316644678941503,1.7651599003161755,20,2.5,1.1149887891813084,163,10,10.0,943.0,99,9.525252525252526,1.0072548783883213e-137,44.44444444444445,55.55555555555555,870,130,0.87,0.4444444444444445,19.575,2.3400000000000003,8.365384615384613,5.0,0.1,0.0001,1000.0,1.0,3.5,3.0,2.0,0.8
T1e-1_c1e-4_ratio_1e3_betaR3p5_betaT3p0__rep04,T1e-1_c1e-4_ratio_1e3_betaR3p5_betaT3p0,4,1004,500,1000,1500,1000,True,398.9985177547109,1209.9622407903464,810.9637230356354,1.2331007807066332,0.8109637230356355,0.27807400254317827,14657,604652,589973,0.02424038951330683,120874,119369,116878,2491,0.9875490179856711,0.9669407813094627,0.020608236676208282,0.012409616625577047,725526,1210,0.6316644678941503,1.752048568237667,20,2.5,1.1067068265805537,154,10,10.0,867.4,99,8.76161616161616,4.609281712318786e-123,44.44444444444445,55.55555555555555,859,141,0.859,0.4444444444444445,19.327499999999997,2.5380000000000003,7.615248226950353,5.0,0.1,0.0001,1000.0,1.0,3.5,3.0,2.0,0.8
T1e-1_c1e-4_ratio_1e3_betaR3p5_betaT3p0__rep05,T1e-1_c1e-4_ratio_1e3_betaR3p5_betaT3p0,5,1005,500,1000,1500,1000,True,374.51036132192286,1168.656888857392,794.1465275354692,1.259213464174389,0.7941465275354692,0.26874125679211147,14701,583477,568611,0.02519550899178545,117144,115617,112796,2821,0.9869647613194018,0.9628832889435225,0.02408147237587926,0.012804753124359762,700621,1169,0.6316644678941503,1.6646102601797632,20,2.5,1.0514751542475933,135,10,10.0,889.2,99,8.981818181818182,2.826989939803399e-127,44.44444444444445,55.55555555555555,840,160,0.84,0.4444444444444445,18.9,2.8800000000000003,6.562499999999999,5.0,0.1,0.0001,1000.0,1.0,3.5,3.0,2.0,0.8
T1e-1_c1e-4_ratio_1e3_betaR3p5_betaT5p0__rep01,T1e-1_c1e-4_ratio_1e3_betaR3p5_betaT5p0,1,1001,500,1000,1500,1000,True,815.2342804071573,2530.32106523392,1715.0867848267626,0.5830608741475481,1.7150867848267626,0.7877722678981627,19802,1265578,1245442,0.01564660574061812,252807,251241,248127,3114,0.9938055512703367,0.9814878543711211,0.012317696899215608,0.005933380009256073,1518385,2531,0.6316644678941503,1.8396905046453342,20,2.5,1.162067123706716,163,10,10.0,962.2,99,9.71919191919192,1.8091621414808485e-141,44.44444444444445,55.55555555555555,890,110,0.89,0.4444444444444445,20.025,1.9800000000000002,10.113636363636362,5.0,0.1,0.0001,1000.0,1.0,3.5,5.0,2.0,0.8
T1e-1_c1e-4_ratio_1e3_betaR3p5_betaT5p0__rep02,T1e-1_c1e-4_ratio_1e3_betaR3p5_betaT5p0,2,1002,500,1000,1500,1000,True,922.0611476663262,2699.3518088559717,1777.2906611896456,0.5626541689757381,1.7772906611896455,0.6842651653950043,20954,1349610,1328343,0.015525966760767925,269940,268377,265649,2728,0.9942098244054234,0.9841038749351708,0.010105949470252649,0.005556790397866192,1619550,2700,0.6316644678941503,1.8221692434786891,20,2.5,1.1509995655950527,165,10,10.0,966.9999999999999,99,9.767676767676766,2.088068473383666e-142,44.44444444444445,55.55555555555555,892,108,0.892,0.4444444444444445,20.069999999999997,1.9440000000000002,10.32407407407407,5.0,0.1,0.0001,1000.0,1.0,3.5,5.0,2.0,0.8
T1e-1_c1e-4_ratio_1e3_betaR3p5_betaT5p0__rep03,T1e-1_c1e-4_ratio_1e3_betaR3p5_betaT5p0,3,1003,500,1000,1500,1000,True,809.8253084408497,2401.01573456227,1591.1904261214204,0.6284602921081754,1.5911904261214205,0.6349509623048561,18790,1200054,1180733,0.015657628740040033,240045,238448,236194,2254,0.9933470807556917,0.9839571746964111,0.009389906059280551,0.006248828344685371,1440099,2402,0.6316644678941503,1.7972409932921976,20,2.5,1.13525327570547,159,10,10.0,989.5999999999999,99,9.995959595959595,7.901854025901644e-147,44.44444444444445,55.55555555555555,882,118,0.882,0.4444444444444445,19.845,2.124,9.34322033898305,5.0,0.1,0.0001,1000.0,1.0,3.5,5.0,2.0,0.8
T1e-1_c1e-4_ratio_1e3_betaR3p5_betaT5p0__rep04,T1e-1_c1e-4_ratio_1e3_betaR3p5_betaT5p0,4,1004,500,1000,1500,1000,True,911.222481630189,2708.514138843864,1797.291657213675,0.5563927234549627,1.797291657213675,0.8179962341008604,20514,1354361,1333625,0.015146626342607326,271697,270137,267295,2842,0.9942583098083527,0.9837981280617747,0.01046018174657799,0.005520855953507032,1626058,2709,0.6316644678941503,1.841868942951023,20,2.5,1.1634431657799191,164,10,10.0,1005.0,99,10.151515151515152,7.554428655037408e-150,44.44444444444445,55.55555555555555,888,112,0.888,0.4444444444444445,19.979999999999997,2.016,9.910714285714285,5.0,0.1,0.0001,1000.0,1.0,3.5,5.0,2.0,0.8
T1e-1_c1e-4_ratio_1e3_betaR3p5_betaT5p0__rep05,T1e-1_c1e-4_ratio_1e3_betaR3p5_betaT5p0,5,1005,500,1000,1500,1000,True,781.520108634874,2567.8550948748775,1786.3349862400037,0.5598054159510508,1.7863349862400038,0.7277951147643762,19853,1282887,1262976,0.015475252302034396,256722,255198,252393,2805,0.9940636174538996,0.9831374015471989,0.010926215906700633,0.005842896206791783,1539609,2568,0.6316644678941503,1.8144504888370758,20,2.5,1.1461239025515524,159,10,10.0,932.0,99,9.414141414141413,1.3970073555585898e-135,44.44444444444445,55.55555555555555,890,110,0.89,0.4444444444444445,20.025,1.9800000000000002,10.113636363636362,5.0,0.1,0.0001,1000.0,1.0,3.5,5.0,2.0,0.8
T1e-1_c1e-4_ratio_1e3_betaR5p0_betaT1p2__rep01,T1e-1_c1e-4_ratio_1e3_betaR5p0_betaT1p2,1,1001,500,1000,1500,1000,True,238.93768278100478,754.943182110382,516.0054993293772,1.9379638420513787,0.5160054993293772,0.27899721294704705,13485,377597,364084,0.035712677801995246,75406,73901,71426,2475,0.9800413760178235,0.9472190541866695,0.03282232183115402,0.019892316261305467,453003,755,0.6316644678941503,2.0298523965746127,20,2.5,1.2821856339859685,169,10,10.0,1130.4,99,11.41818181818182,1.3168898177815515e-174,44.44444444444445,55.55555555555555,904,96,0.904,0.4444444444444445,20.339999999999996,1.7280000000000002,11.77083333333333,5.0,0.1,0.0001,1000.0,1.0,5.0,1.2,2.0,0.8
T1e-1_c1e-4_ratio_1e3_betaR5p0_betaT1p2__rep02,T1e-1_c1e-4_ratio_1e3_betaR5p0_betaT1p2,2,1002,500,1000,1500,1000,True,266.1368544070616,821.9538960068608,555.8170415997992,1.7991531837917676,0.5558170415997992,0.2783827060452211,14061,411236,397158,0.0341920454434923,82209,80702,77960,2742,0.9816686737461835,0.9483146614117676,0.03335401233441594,0.018246177425829287,493445,822,0.6316644678941503,1.803366387014723,20,2.5,1.1391224692718513,154,10,10.0,926.4,99,9.357575757575757,1.7162654018447786e-134,44.44444444444445,55.55555555555555,867,133,0.867,0.4444444444444445,19.507499999999997,2.394,8.148496240601501,5.0,0.1,0.0001,1000.0,1.0,5.0,1.2,2.0,0.8
T1e-1_c1e-4_ratio_1e3_betaR5p0_betaT1p2__rep03,T1e-1_c1e-4_ratio_1e3_betaR5p0_betaT1p2,3,1003,500,1000,1500,1000,True,292.3683910809476,808.4579324883874,516.0895414074398,1.9376482562945894,0.5160895414074398,0.2566630320776824,13071,405001,391684,0.03227399438519905,80965,79412,76631,2781,0.980818872352251,0.9464706972148459,0.034348175137405054,0.01852652380658309,485966,809,0.6316644678941503,1.866738272883647,20,2.5,1.179152237838694,173,10,10.0,1065.0,99,10.757575757575758,1.1699717367194084e-161,44.44444444444445,55.55555555555555,888,112,0.888,0.4444444444444445,19.979999999999997,2.016,9.910714285714285,5.0,0.1,0.0001,1000.0,1.0,5.0,1.2,2.0,0.8
T1e-1_c1e-4_ratio_1e3_betaR5p0_betaT1p2__rep04,T1e-1_c1e-4_ratio_1e3_betaR5p0_betaT1p2,4,1004,500,1000,1500,1000,True,294.71180948793983,818.8131534066891,524.1013439187493,1.9080279255208867,0.5241013439187493,0.24156725065887485,13612,409418,395711,0.03324719479847002,81726,80213,77561,2652,0.9814869197073147,0.9490370261605854,0.032449893546729315,0.018354012187064093,491144,819,0.6316644678941503,1.7307480237759945,20,2.5,1.0932520294973158,156,10,10.0,826.6,99,8.34949494949495,3.2442710657454074e-115,44.44444444444445,55.55555555555555,847,153,0.847,0.4444444444444445,19.057499999999997,2.7540000000000004,6.919934640522873,5.0,0.1,0.0001,1000.0,1.0,5.0,1.2,2.0,0.8
T1e-1_c1e-4_ratio_1e3_betaR5p0_betaT1p2__rep05,T1e-1_c1e-4_ratio_1e3_betaR5p0_betaT1p2,5,1005,500,1000,1500,1000,True,232.4905458006115,734.7174335674832,502.22688776687176,1.9911319452577558,0.5022268877668717,0.23889264293411827,13104,367107,353858,0.03569531498990757,73487,71960,69336,2624,0.9792208145658415,0.9435138187706669,0.035706995795174654,0.020411773510961122,440594,735,0.6316644678941503,1.7509038124354521,20,2.5,1.105983725015879,154,10,10.0,879.5999999999999,99,8.884848484848485,2.0317718391488894e-125,44.44444444444445,55.55555555555555,862,138,0.862,0.4444444444444445,19.394999999999996,2.4840000000000004,7.80797101449275,5.0,0.1,0.0001,1000.0,1.0,5.0,1.2,2.0,0.8
T1e-1_c1e-4_ratio_1e3_betaR5p0_betaT2p0__rep01,T1e-1_c1e-4_ratio_1e3_betaR5p0_betaT2p0,1,1001,500,1000,1500,1000,True,581.2736113122421,1898.1077317333697,1316.8341204211276,0.759397090713443,1.3168341204211276,0.6012460903618262,17400,949314,931482,0.01832902495907571,189850,188260,184734,3526,0.9916249670792731,0.9730524097972083,0.018572557282064788,0.007900974453515933,1139164,1899,0.6316644678941503,1.7826791248442295,20,2.5,1.1260550608207398,168,10,10.0,946.1999999999999,99,9.557575757575757,2.3958321439260793e-138,44.44444444444445,55.55555555555555,893,107,0.893,0.4444444444444445,20.092499999999998,1.9260000000000002,10.432242990654203,5.0,0.1,0.0001,1000.0,1.0,5.0,2.0,2.0,0.8
T1e-1_c1e-4_ratio_1e3_betaR5p0_betaT2p0__rep02,T1e-1_c1e-4_ratio_1e3_betaR5p0_betaT2p0,2,1002,500,1000,1500,1000,True,712.287633855511,2043.7096874046088,1331.4220535490977,0.7510766381962471,1.3314220535490977,0.5656403693408265,18676,1021885,1003057,0.018276029103079114,204129,202599,199352,3247,0.9925047396499272,0.9765981315736617,0.0159066080762655,0.007348294460855636,1226014,2044,0.6316644678941503,1.867812036718705,20,2.5,1.17983049630021,171,10,10.0,1040.3999999999999,99,10.509090909090908,8.29437539187571e-157,44.44444444444445,55.55555555555555,901,99,0.901,0.4444444444444445,20.272499999999997,1.7820000000000003,11.376262626262623,5.0,0.1,0.0001,1000.0,1.0,5.0,2.0,2.0,0.8
T1e-1_c1e-4_ratio_1e3_betaR5p0_betaT2p0__rep03,T1e-1_c1e-4_ratio_1e3_betaR5p0_betaT2p0,3,1003,500,1000,1500,1000,True,575.6730904386874,1807.3464411792465,1231.6733507405593,0.8119035776805086,1.2316733507405593,0.5561098504442157,16570,903197,886298,0.01834594224737239,180456,178893,176287,2606,0.9913386088575609,0.9768974154364499,0.014441193421110964,0.008312275568559648,1083653,1808,0.6316644678941503,1.9071163393536257,20,2.5,1.2046576277100478,178,10,10.0,1088.0,99,10.98989898989899,3.333645101361831e-166,44.44444444444445,55.55555555555555,909,91,0.909,0.4444444444444445,20.452499999999997,1.6380000000000001,12.486263736263734,5.0,0.1,0.0001,1000.0,1.0,5.0,2.0,2.0,0.8
T1e-1_c1e-4_ratio_1e3_betaR5p0_betaT2p0__rep04,T1e-1_c1e-4_ratio_1e3_betaR5p0_betaT2p0,4,1004,500,1000,1500,1000,True,694.4258658695758,2058.5491004011756,1364.1232345315998,0.7330715984347052,1.3641232345316,0.6560755664411317,18092,1029456,1011121,0.017574330520197076,206504,204963,202141,2822,0.9925376748150156,0.9788720799597103,0.013665594855305467,0.007263781815364351,1235960,2059,0.6316644678941503,1.887035308530049,20,2.5,1.1919731540601073,179,10,10.0,1056.3999999999999,99,10.670707070707069,5.823921652968713e-160,44.44444444444445,55.55555555555555,919,81,0.919,0.4444444444444445,20.6775,1.4580000000000002,14.182098765432096,5.0,0.1,0.0001,1000.0,1.0,5.0,2.0,2.0,0.8
T1e-1_c1e-4_ratio_1e3_betaR5p0_betaT2p0__rep05,T1e-1_c1e-4_ratio_1e3_betaR5p0_betaT2p0,5,1005,500,1000,1500,1000,True,614.5561863107612,2062.3373844047615,1447.7811980940003,0.6907121057494717,1.4477811980940003,0.6685362853947936,18057,1030711,1012328,0.017518974765962526,206370,204806,201282,3524,0.9924213790764161,0.9753452536705917,0.01707612540582449,0.007268498328245385,1237081,2063,0.6316644678941503,1.8865039737853107,20,2.5,1.1916375287812984,176,10,10.0,1050.8000000000002,99,10.614141414141416,7.404899051279348e-159,44.44444444444445,55.55555555555555,930,70,0.93,0.4444444444444445,20.924999999999997,1.2600000000000002,16.60714285714285,5.0,0.1,0.0001,1000.0,1.0,5.0,2.0,2.0,0.8
T1e-1_c1e-4_ratio_1e3_betaR5p0_betaT3p0__rep01,T1e-1_c1e-4_ratio_1e3_betaR5p0_betaT3p0,1,1001,500,1000,1500,1000,True,1031.5002503136814,3239.5397869583953,2208.0395366447137,0.45289044122804845,2.208039536644714,1.0785890295612717,23053,1619883,1596617,0.014231274727866148,323936,322392,319005,3387,0.9952336263953373,0.9847778573545392,0.010455769040798183,0.004630544305047911,1943819,3240,0.6316644678941503,1.8645888901640777,20,2.5,1.1777945491468365,175,10,10.0,1006.4,99,10.165656565656565,4.012848200431102e-150,44.44444444444445,55.55555555555555,906,94,0.906,0.4444444444444445,20.384999999999998,1.6920000000000002,12.04787234042553,5.0,0.1,0.0001,1000.0,1.0,5.0,3.0,2.0,0.8
T1e-1_c1e-4_ratio_1e3_betaR5p0_betaT3p0__rep02,T1e-1_c1e-4_ratio_1e3_betaR5p0_betaT3p0,2,1002,500,1000,1500,1000,True,1184.641819686312,3499.8279036080967,2315.1860839217848,0.4319307233853361,2.315186083921785,1.07451908780763,24528,1748785,1724166,0.014025737869435066,349837,348319,345580,2739,0.995660836332349,0.9878314758015876,0.007829360530761468,0.004287711134042425,2098622,3500,0.6316644678941503,1.9102677317636771,20,2.5,1.2066482503198686,174,10,10.0,1073.6,99,10.844444444444443,2.3429747381352818e-163,44.44444444444445,55.55555555555555,918,82,0.918,0.4444444444444445,20.654999999999998,1.4760000000000002,13.993902439024387,5.0,0.1,0.0001,1000.0,1.0,5.0,3.0,2.0,0.8
T1e-1_c1e-4_ratio_1e3_betaR5p0_betaT3p0__rep03,T1e-1_c1e-4_ratio_1e3_betaR5p0_betaT3p0,3,1003,500,1000,1500,1000,True,1058.486897217875,3216.398965588357,2157.9120683704823,0.46341091217638736,2.157912068370482,1.061354619296253,22383,1607722,1585017,0.013922183063987431,321357,319801,317010,2791,0.9951580329664517,0.9864729879853247,0.008685044981126908,0.004667706009204717,1929079,3217,0.6316644678941503,1.892340450593492,20,2.5,1.1953242237987147,180,10,10.0,1055.6,99,10.662626262626262,8.375474304820544e-160,44.44444444444445,55.55555555555555,927,73,0.927,0.4444444444444445,20.857499999999998,1.314,15.873287671232875,5.0,0.1,0.0001,1000.0,1.0,5.0,3.0,2.0,0.8
T1e-1_c1e-4_ratio_1e3_betaR5p0_betaT3p0__rep04,T1e-1_c1e-4_ratio_1e3_betaR5p0_betaT3p0,4,1004,500,1000,1500,1000,True,1168.5941213729288,3469.477644422207,2300.883523049278,0.43461565523957335,2.3008835230492783,1.1870178973153998,23786,1736398,1712362,0.013698472354840308,347859,346297,343736,2561,0.9955096748970129,0.9881474965431396,0.0073621783538732645,0.0043120919682975,2084257,3470,0.6316644678941503,1.8790495117663004,20,2.5,1.186928809996623,176,10,10.0,1008.0,99,10.181818181818182,1.9471720274165127e-150,44.44444444444445,55.55555555555555,928,72,0.928,0.4444444444444445,20.88,1.296,16.11111111111111,5.0,0.1,0.0001,1000.0,1.0,5.0,3.0,2.0,0.8
T1e-1_c1e-4_ratio_1e3_betaR5p0_betaT3p0__rep05,T1e-1_c1e-4_ratio_1e3_betaR5p0_betaT3p0,5,1005,500,1000,1500,1000,True,1083.4870469490102,3282.920376370321,2199.4333294213106,0.4546625654086584,2.1994333294213106,1.0498919098561146,22726,1640438,1617683,0.013853617143714057,328277,326773,323817,2956,0.9954185032761966,0.986413912640849,0.009004590635347587,0.0045693118920911305,1968715,3283,0.6316644678941503,1.9018524144939033,20,2.5,1.2013325934144965,184,10,10.0,1058.2,99,10.68888888888889,2.5711968833061154e-160,44.44444444444445,55.55555555555555,933,67,0.933,0.4444444444444445,20.992499999999996,1.2060000000000002,17.40671641791044,5.0,0.1,0.0001,1000.0,1.0,5.0,3.0,2.0,0.8
T1e-1_c1e-4_ratio_1e3_betaR5p0_betaT5p0__rep01,T1e-1_c1e-4_ratio_1e3_betaR5p0_betaT5p0,1,1001,500,1000,1500,1000,True,1890.7534289346083,5943.606775725665,4052.8533467910565,0.24673974467686424,4.052853346791056,2.379018193634465,34312,2972064,2937533,0.011544838872917945,594081,592541,589753,2788,0.9974077608945582,0.9927147981504205,0.004692962744137584,0.002524908219586218,3566145,5944,0.6316644678941503,1.8944583476755814,20,2.5,1.1966620241321273,178,10,10.0,1036.8000000000002,99,10.472727272727274,4.242856974230119e-156,44.44444444444445,55.55555555555555,920,80,0.92,0.4444444444444445,20.699999999999996,1.4400000000000002,14.374999999999995,5.0,0.1,0.0001,1000.0,1.0,5.0,5.0,2.0,0.8
T1e-1_c1e-4_ratio_1e3_betaR5p0_betaT5p0__rep02,T1e-1_c1e-4_ratio_1e3_betaR5p0_betaT5p0,2,1002,500,1000,1500,1000,True,2219.761750702624,6416.360214370404,4196.59846366778,0.23828822525136492,4.19659846366778,2.4878931405678486,37168,3207717,3170252,0.011587057087642082,641741,640182,637655,2527,0.9975706710339529,0.9936329453782756,0.003937725655677291,0.0023373915645096698,3849458,6417,0.6316644678941503,1.8822478962286404,20,2.5,1.188949115816148,175,10,10.0,1016.8,99,10.27070707070707,3.6408120586551983e-152,44.44444444444445,55.55555555555555,933,67,0.933,0.4444444444444445,20.992499999999996,1.2060000000000002,17.40671641791044,5.0,0.1,0.0001,1000.0,1.0,5.0,5.0,2.0,0.8
T1e-1_c1e-4_ratio_1e3_betaR5p0_betaT5p0__rep03,T1e-1_c1e-4_ratio_1e3_betaR5p0_betaT5p0,3,1003,500,1000,1500,1000,True,1895.9270405273621,6155.973684230866,4260.046643703504,0.23473921382481447,4.260046643703503,2.5259595840921065,35473,3074878,3039396,0.011536392663383717,615584,614081,611576,2505,0.9975584160731923,0.9934891095285128,0.004069306544679524,0.002436710505796122,3690462,6156,0.6316644678941503,1.9007978802212593,20,2.5,1.2006664815842907,179,10,10.0,1109.8,99,11.21010101010101,1.6074832034830526e-170,44.44444444444445,55.55555555555555,926,74,0.926,0.4444444444444445,20.834999999999997,1.332,15.64189189189189,5.0,0.1,0.0001,1000.0,1.0,5.0,5.0,2.0,0.8
T1e-1_c1e-4_ratio_1e3_betaR5p0_betaT5p0__rep04,T1e-1_c1e-4_ratio_1e3_betaR5p0_betaT5p0,4,1004,500,1000,1500,1000,True,2230.1882534929564,6310.419954983662,4080.2317014907057,0.2450841209911319,4.080231701490706,2.424128384080632,36224,3155587,3119052,0.011479322230697489,632029,630465,627606,2859,0.997525430004003,0.9930019033936734,0.004523526610329589,0.0023733088196902356,3787616,6311,0.6316644678941503,1.8822478962286404,20,2.5,1.188949115816148,177,10,10.0,985.8000000000001,99,9.957575757575759,4.38563265538479e-146,44.44444444444445,55.55555555555555,918,82,0.918,0.4444444444444445,20.654999999999998,1.4760000000000002,13.993902439024387,5.0,0.1,0.0001,1000.0,1.0,5.0,5.0,2.0,0.8
T1e-1_c1e-4_ratio_1e3_betaR5p0_betaT5p0__rep05,T1e-1_c1e-4_ratio_1e3_betaR5p0_betaT5p0,5,1005,500,1000,1500,1000,True,2160.0672212101176,6024.2136134740085,3864.146392263891,0.25878936729778734,3.864146392263891,2.494922883260415,34743,3012879,2977754,0.011531495290716951,602473,600894,598213,2681,0.997379135662511,0.9929291437126643,0.0044499919498467155,0.002489738129343556,3615352,6025,0.6316644678941503,1.8489311414746596,20,2.5,1.1679041056525148,183,10,10.0,1026.6,99,10.36969696969697,4.312786113066338e-154,44.44444444444445,55.55555555555555,928,72,0.928,0.4444444444444445,20.88,1.296,16.11111111111111,5.0,0.1,0.0001,1000.0,1.0,5.0,5.0,2.0,0.8
T1e-1_c1e-4_ratio_1e3_betaR7p5_betaT1p2__rep01,T1e-1_c1e-4_ratio_1e3_betaR7p5_betaT1p2,1,1001,500,1000,1500,1000,True,946.9180975997592,2915.496975891968,1968.5788782922086,0.5079806610886352,1.9685788782922087,1.0204239589721738,21647,1457762,1435832,0.014849474742790662,291507,289961,286971,2990,0.9946965252978488,0.9844394817277116,0.010257043570137252,0.005145674031841431,1749269,2916,0.6316644678941503,1.9196908690154915,20,2.5,1.2126005112979295,186,10,10.0,1064.4,99,10.751515151515152,1.5368028411558354e-161,44.44444444444445,55.55555555555555,937,63,0.937,0.4444444444444445,21.082499999999996,1.1340000000000001,18.591269841269835,5.0,0.1,0.0001,1000.0,1.0,7.5,1.2,2.0,0.8
T1e-1_c1e-4_ratio_1e3_betaR7p5_betaT1p2__rep02,T1e-1_c1e-4_ratio_1e3_betaR7p5_betaT1p2,2,1002,500,1000,1500,1000,True,928.0080240067235,3102.6093543448615,2174.601330338138,0.45985440459769505,2.1746013303381377,1.1047215094883995,23198,1551081,1527713,0.014956020994390364,310176,308630,305557,3073,0.9950157330031982,0.9851084545548334,0.009907278448364799,0.004835964097802538,1861257,3103,0.6316644678941503,1.8971023941090623,20,2.5,1.1983321743156194,183,10,10.0,1044.4,99,10.549494949494951,1.3516079205190925e-157,44.44444444444445,55.55555555555555,942,58,0.942,0.4444444444444445,21.194999999999997,1.044,20.301724137931032,5.0,0.1,0.0001,1000.0,1.0,7.5,1.2,2.0,0.8
T1e-1_c1e-4_ratio_1e3_betaR7p5_betaT1p2__rep03,T1e-1_c1e-4_ratio_1e3_betaR7p5_betaT1p2,3,1003,500,1000,1500,1000,True,942.3098732787556,2795.2303828006475,1852.9205095218917,0.5396885591481901,1.8529205095218917,0.9422827830435381,20476,1397483,1376627,0.014652056590312726,279642,278064,275045,3019,0.9943570708262708,0.9835611245807139,0.010795946245556819,0.005364001115712232,1677125,2796,0.6316644678941503,1.9564173691484554,20,2.5,1.2357993364620325,186,10,10.0,1123.6,99,11.349494949494948,2.9464978425782152e-173,44.44444444444445,55.55555555555555,940,60,0.94,0.4444444444444445,21.15,1.08,19.583333333333332,5.0,0.1,0.0001,1000.0,1.0,7.5,1.2,2.0,0.8
T1e-1_c1e-4_ratio_1e3_betaR7p5_betaT1p2__rep04,T1e-1_c1e-4_ratio_1e3_betaR7p5_betaT1p2,4,1004,500,1000,1500,1000,True,1016.9701491742277,3052.7299793726334,2035.7598301984058,0.49121708030880035,2.0357598301984057,1.0861266735396384,22100,1527270,1505040,0.014470263934995122,306061,304536,301819,2717,0.9950173331460068,0.986140017839581,0.008877315306425843,0.004900983790812942,1833331,3053,0.6316644678941503,1.9456268036671036,20,2.5,1.2289833196589774,190,10,10.0,1067.8,99,10.785858585858586,3.2760798813214873e-162,44.44444444444445,55.55555555555555,952,48,0.952,0.4444444444444445,21.419999999999998,0.8640000000000001,24.79166666666666,5.0,0.1,0.0001,1000.0,1.0,7.5,1.2,2.0,0.8
T1e-1_c1e-4_ratio_1e3_betaR7p5_betaT1p2__rep05,T1e-1_c1e-4_ratio_1e3_betaR7p5_betaT1p2,5,1005,500,1000,1500,1000,True,911.8085756224827,2997.8647642254464,2086.0561886029636,0.47937347299820443,2.0860561886029636,1.1135628276598482,22165,1498034,1475784,0.014796059368478953,299548,298036,295283,2753,0.9949523949417122,0.9857618812343931,0.009190513707319027,0.005007544700682361,1797582,2998,0.6316644678941503,1.9358120830939742,20,2.5,1.222783709410622,187,10,10.0,1093.6,99,11.046464646464646,2.599046484149179e-167,44.44444444444445,55.55555555555555,943,57,0.943,0.4444444444444445,21.217499999999998,1.026,20.679824561403507,5.0,0.1,0.0001,1000.0,1.0,7.5,1.2,2.0,0.8
T1e-1_c1e-4_ratio_1e3_betaR7p5_betaT2p0__rep01,T1e-1_c1e-4_ratio_1e3_betaR7p5_betaT2p0,1,1001,500,1000,1500,1000,True,1840.7901291844573,5412.427041861347,3571.6369126768896,0.27998366699892646,3.5716369126768894,2.2277052478705173,32358,2706697,2674058,0.01195479213225566,540944,539386,536310,3076,0.997119849744151,0.9914334940400485,0.005686355704102458,0.002772930284835399,3247641,5413,0.6316644678941503,1.953853592173457,20,2.5,1.234179889643321,187,10,10.0,1067.4,99,10.781818181818183,3.9295040616827395e-162,44.44444444444445,55.55555555555555,943,57,0.943,0.4444444444444445,21.217499999999998,1.026,20.679824561403507,5.0,0.1,0.0001,1000.0,1.0,7.5,2.0,2.0,0.8
T1e-1_c1e-4_ratio_1e3_betaR7p5_betaT2p0__rep02,T1e-1_c1e-4_ratio_1e3_betaR7p5_betaT2p0,2,1002,500,1000,1500,1000,True,1871.0750323066893,5750.386467982591,3879.3114356759015,0.257777705291601,3.8793114356759015,2.208767534957815,34335,2874282,2839644,0.01194559197740514,574809,573252,570288,2964,0.9972912741449769,0.992134778683006,0.005156495461970846,0.0026095624807544768,3449091,5751,0.6316644678941503,1.9378824709403675,20,2.5,1.2240914998479484,188,10,10.0,1069.6,99,10.804040404040403,1.4450851141906635e-162,44.44444444444445,55.55555555555555,945,55,0.945,0.4444444444444445,21.262499999999996,0.9900000000000001,21.47727272727272,5.0,0.1,0.0001,1000.0,1.0,7.5,2.0,2.0,0.8
T1e-1_c1e-4_ratio_1e3_betaR7p5_betaT2p0__rep03,T1e-1_c1e-4_ratio_1e3_betaR7p5_betaT2p0,3,1003,500,1000,1500,1000,True,1655.4586216928683,5454.696713000826,3799.238091307958,0.26321066907805496,3.799238091307958,2.3122637821370517,32001,2723849,2691703,0.011748448610771008,545362,543835,540700,3135,0.9972000249375644,0.9914515496129177,0.005748475324646748,0.002750466662510406,3269211,5455,0.6316644678941503,1.9337394785563324,20,2.5,1.2214745187681975,194,10,10.0,1085.0,99,10.95959595959596,1.3071306475837483e-165,44.44444444444445,55.55555555555555,951,49,0.951,0.4444444444444445,21.397499999999997,0.8820000000000001,24.260204081632647,5.0,0.1,0.0001,1000.0,1.0,7.5,2.0,2.0,0.8
T1e-1_c1e-4_ratio_1e3_betaR7p5_betaT2p0__rep04,T1e-1_c1e-4_ratio_1e3_betaR7p5_betaT2p0,4,1004,500,1000,1500,1000,True,1895.0591875123996,5648.43968446885,3753.3804969564503,0.2664264922809937,3.75338049695645,2.1306989591296315,33536,2824439,2790620,0.0118735083320971,565530,563984,560862,3122,0.9972662811875586,0.9917457959789931,0.005520485208565416,0.002652379184128163,3389969,5649,0.6316644678941503,1.9327023428000136,20,2.5,1.2208193969625483,193,10,10.0,1086.4,99,10.973737373737375,6.909061671192729e-166,44.44444444444445,55.55555555555555,948,52,0.948,0.4444444444444445,21.33,0.936,22.788461538461537,5.0,0.1,0.0001,1000.0,1.0,7.5,2.0,2.0,0.8
T1e-1_c1e-4_ratio_1e3_betaR7p5_betaT2p0__rep05,T1e-1_c1e-4_ratio_1e3_betaR7p5_betaT2p0,5,1005,500,1000,1500,1000,True,1780.0632249042599,5248.584815788161,3468.521590883901,0.288307272651333,3.468521590883901,1.8888806386892156,31342,2624702,2593159,0.011941165130365276,525083,523545,520956,2589,0.9970709392610311,0.9921402902017395,0.004930649059291579,0.0028566912278630238,3149785,5249,0.6316644678941503,1.8907504709396203,20,2.5,1.1943198901466894,191,10,10.0,1065.0,99,10.757575757575758,1.1699717367194084e-161,44.44444444444445,55.55555555555555,948,52,0.948,0.4444444444444445,21.33,0.936,22.788461538461537,5.0,0.1,0.0001,1000.0,1.0,7.5,2.0,2.0,0.8
T1e-1_c1e-4_ratio_1e3_betaR7p5_betaT3p0__rep01,T1e-1_c1e-4_ratio_1e3_betaR7p5_betaT3p0,1,1001,500,1000,1500,1000,True,2763.836030456722,8463.278606713386,5699.442576256664,0.17545575494801982,5.699442576256664,3.6148293534811273,45299,4231619,4185962,0.010704886238576771,846083,844525,841703,2822,0.9981585730950746,0.9948232029245357,0.003335370170538824,0.0017728757107754204,5077702,8464,0.6316644678941503,1.9233429544157616,20,2.5,1.214907403878995,195,10,10.0,1107.4,99,11.185858585858586,4.80606704162448e-170,44.44444444444445,55.55555555555555,964,36,0.964,0.4444444444444445,21.689999999999998,0.648,33.472222222222214,5.0,0.1,0.0001,1000.0,1.0,7.5,3.0,2.0,0.8
T1e-1_c1e-4_ratio_1e3_betaR7p5_betaT3p0__rep02,T1e-1_c1e-4_ratio_1e3_betaR7p5_betaT3p0,2,1002,500,1000,1500,1000,True,2937.1621109736766,8781.329071818813,5844.166960845136,0.17111078562604723,5.844166960845135,3.6947491950945732,47286,4388797,4341200,0.010774250893809853,878562,876992,874384,2608,0.9982129889524017,0.9952445018109137,0.0029684871414880224,0.0017073353957944915,5267359,8782,0.6316644678941503,1.9559048825989558,20,2.5,1.23547561691844,190,10,10.0,1093.8000000000002,99,11.04848484848485,2.372622536703489e-167,44.44444444444445,55.55555555555555,951,49,0.951,0.4444444444444445,21.397499999999997,0.8820000000000001,24.260204081632647,5.0,0.1,0.0001,1000.0,1.0,7.5,3.0,2.0,0.8
T1e-1_c1e-4_ratio_1e3_betaR7p5_betaT3p0__rep03,T1e-1_c1e-4_ratio_1e3_betaR7p5_betaT3p0,3,1003,500,1000,1500,1000,True,2479.757815494954,8584.594059157987,6104.836243663034,0.1638045575813805,6.104836243663034,4.1186196445009955,45863,4290037,4243967,0.010690583787505795,858550,857015,853975,3040,0.9982121017995458,0.9946712480344767,0.0035408537650690117,0.0017471317919748413,5148587,8585,0.6316644678941503,1.9363298875924935,20,2.5,1.2231107881136523,190,10,10.0,1084.0,99,10.94949494949495,2.0610251218618446e-165,44.44444444444445,55.55555555555555,952,48,0.952,0.4444444444444445,21.419999999999998,0.8640000000000001,24.79166666666666,5.0,0.1,0.0001,1000.0,1.0,7.5,3.0,2.0,0.8
T1e-1_c1e-4_ratio_1e3_betaR7p5_betaT3p0__rep04,T1e-1_c1e-4_ratio_1e3_betaR7p5_betaT3p0,4,1004,500,1000,1500,1000,True,3062.7596577657278,8727.570191157078,5664.81053339135,0.176528410633591,5.66481053339135,3.5240950275019713,47180,4363625,4316216,0.010812111489873672,873725,872184,869452,2732,0.9982362871612922,0.9951094451915649,0.003126841969727317,0.0017167873186643395,5237350,8728,0.6316644678941503,1.8944583476755814,20,2.5,1.1966620241321273,192,10,10.0,1073.3999999999999,99,10.842424242424242,2.5661428565133816e-163,44.44444444444445,55.55555555555555,951,49,0.951,0.4444444444444445,21.397499999999997,0.8820000000000001,24.260204081632647,5.0,0.1,0.0001,1000.0,1.0,7.5,3.0,2.0,0.8
T1e-1_c1e-4_ratio_1e3_betaR7p5_betaT3p0__rep05,T1e-1_c1e-4_ratio_1e3_betaR7p5_betaT3p0,5,1005,500,1000,1500,1000,True,2828.8685070869246,8254.509063501704,5425.640556414779,0.18431003484329456,5.425640556414779,3.4362282839426825,44381,4129111,4084509,0.010748318463708047,825436,823885,821506,2379,0.9981209930267155,0.9952388798162426,0.0028821132104730105,0.001817221444182226,4954547,8255,0.6316644678941503,1.8912806126774853,20,2.5,1.1946547618454464,194,10,10.0,1048.0,99,10.585858585858587,2.6390522777056032e-158,44.44444444444445,55.55555555555555,955,45,0.955,0.4444444444444445,21.487499999999997,0.81,26.52777777777777,5.0,0.1,0.0001,1000.0,1.0,7.5,3.0,2.0,0.8
T1e-1_c1e-4_ratio_1e3_betaR7p5_betaT5p0__rep01,T1e-1_c1e-4_ratio_1e3_betaR7p5_betaT5p0,1,1001,500,1000,1500,1000,True,4351.52069236475,14203.2637651417,9851.74307277695,0.10150488016311271,9.85174307277695,6.578286447516803,70657,7104669,7033653,0.009945150154074735,1420012,1418435,1415802,2633,0.9988894460046817,0.9970352363219466,0.0018542096827350754,0.0010563291014442132,8524681,14204,0.6316644678941503,1.8891591531060612,20,2.5,1.1933147112141038,195,10,10.0,1064.4,99,10.751515151515152,1.5368028411558354e-161,44.44444444444445,55.55555555555555,954,46,0.954,0.4444444444444445,21.464999999999996,0.8280000000000001,25.923913043478255,5.0,0.1,0.0001,1000.0,1.0,7.5,5.0,2.0,0.8
T1e-1_c1e-4_ratio_1e3_betaR7p5_betaT5p0__rep02,T1e-1_c1e-4_ratio_1e3_betaR7p5_betaT5p0,2,1002,500,1000,1500,1000,True,5252.014260391216,15268.265426469865,10016.251166078648,0.09983775201111485,10.016251166078648,6.467406459201811,76130,7632895,7556400,0.009973935184487668,1526664,1525097,1522431,2666,0.9989735789931511,0.9972272877332536,0.0017462912598973973,0.0009825344673091132,9159559,15269,0.6316644678941503,1.9363298875924935,20,2.5,1.2231107881136523,186,10,10.0,1062.4,99,10.731313131313133,3.813987485164517e-161,44.44444444444445,55.55555555555555,949,51,0.949,0.4444444444444445,21.352499999999996,0.918,23.259803921568622,5.0,0.1,0.0001,1000.0,1.0,7.5,5.0,2.0,0.8
T1e-1_c1e-4_ratio_1e3_betaR7p5_betaT5p0__rep03,T1e-1_c1e-4_ratio_1e3_betaR7p5_betaT5p0,3,1003,500,1000,1500,1000,True,4815.86838625447,14951.5058567334,10135.63747047893,0.09866177661864892,10.13563747047893,6.939031029794023,74348,7470503,7395904,0.009952208037397214,1494150,1492595,1489651,2944,0.9989592745038985,0.9969889234681926,0.00197035103570592,0.0010039152695512498,8964653,14952,0.6316644678941503,1.9651091917087828,20,2.5,1.2412896519346321,197,10,10.0,1105.2,99,11.163636363636364,1.3113231128662307e-169,44.44444444444445,55.55555555555555,963,37,0.963,0.4444444444444445,21.667499999999997,0.666,32.533783783783775,5.0,0.1,0.0001,1000.0,1.0,7.5,5.0,2.0,0.8
T1e-1_c1e-4_ratio_1e3_betaR7p5_betaT5p0__rep04,T1e-1_c1e-4_ratio_1e3_betaR7p5_betaT5p0,4,1004,500,1000,1500,1000,True,5249.614539498506,15415.424854491033,10165.810314992526,0.09836894148272676,10.165810314992527,6.923806596423674,76739,7707502,7630452,0.009956403514394158,1543392,1541823,1538921,2902,0.9989834079741245,0.9971031338765525,0.001880274097572101,0.000971885301984201,9250894,15416,0.6316644678941503,1.8992149809486154,20,2.5,1.199666620357506,195,10,10.0,1094.8,99,11.058585858585857,1.5041500375479964e-167,44.44444444444445,55.55555555555555,955,45,0.955,0.4444444444444445,21.487499999999997,0.81,26.52777777777777,5.0,0.1,0.0001,1000.0,1.0,7.5,5.0,2.0,0.8
T1e-1_c1e-4_ratio_1e3_betaR7p5_betaT5p0__rep05,T1e-1_c1e-4_ratio_1e3_betaR7p5_betaT5p0,5,1005,500,1000,1500,1000,True,4908.452907020176,14630.237725825808,9721.78481880563,0.10286177061496152,9.72178481880563,6.4012561050694785,72835,7316143,7242894,0.009955382228040103,1463967,1462395,1459931,2464,0.998926205303808,0.997243107255833,0.001683098047975125,0.0010246132597251168,8780110,14631,0.6316644678941503,1.9170779770068853,20,2.5,1.2109500402576483,189,10,10.0,1071.2,99,10.820202020202021,6.980365682528844e-163,44.44444444444445,55.55555555555555,961,39,0.961,0.4444444444444445,21.6225,0.7020000000000001,30.801282051282048,5.0,0.1,0.0001,1000.0,1.0,7.5,5.0,2.0,0.8
